"","year","month","date","wave","mort_ratio_dialyse_allcause","mort_ratio_dialyse_covid","mort_ratio_dialyse_cancer_cvd","mort_ratio_transplant_allcause","mort_ratio_transplant_covid","mort_ratio_transplant_cancer","mort_ratio_dialyse_allcause","obs_dialyse_allcause","exp_dialyse_allcause_O_E","smr_dialyse_allcause_O_E","ci_low_dialyse_allcause_O_E","ci_high_dialyse_allcause_O_E","ci_diff_dialyse_allcause_O_E","exp_dialyse_allcause_E","smr_dialyse_allcause_E","ci_low_dialyse_allcause_E","ci_high_dialyse_allcause_E","ci_diff_dialyse_allcause_E","exp_dialyse_allcause_O","smr_dialyse_allcause_O","ci_low_dialyse_allcause_O","ci_high_dialyse_allcause_O","ci_diff_dialyse_allcause_O","mort_ratio_dialyse_covid","obs_dialyse_covid","exp_dialyse_covid_O_E","smr_dialyse_covid_O_E","ci_low_dialyse_covid_O_E","ci_high_dialyse_covid_O_E","ci_diff_dialyse_covid_O_E","exp_dialyse_covid_E","smr_dialyse_covid_E","ci_low_dialyse_covid_E","ci_high_dialyse_covid_E","ci_diff_dialyse_covid_E","exp_dialyse_covid_O","smr_dialyse_covid_O","ci_low_dialyse_covid_O","ci_high_dialyse_covid_O","ci_diff_dialyse_covid_O","mort_ratio_dialyse_cancer_cvd","obs_dialyse_cancer_cvd","exp_dialyse_cancer_cvd_O_E","smr_dialyse_cancer_cvd_O_E","ci_low_dialyse_cancer_cvd_O_E","ci_high_dialyse_cancer_cvd_O_E","ci_diff_dialyse_cancer_cvd_O_E","exp_dialyse_cancer_cvd_E","smr_dialyse_cancer_cvd_E","ci_low_dialyse_cancer_cvd_E","ci_high_dialyse_cancer_cvd_E","ci_diff_dialyse_cancer_cvd_E","exp_dialyse_cancer_cvd_O","smr_dialyse_cancer_cvd_O","ci_low_dialyse_cancer_cvd_O","ci_high_dialyse_cancer_cvd_O","ci_diff_dialyse_cancer_cvd_O","mort_ratio_transplant_allcause","obs_transplant_allcause","exp_transplant_allcause_O_E","smr_transplant_allcause_O_E","ci_low_transplant_allcause_O_E","ci_high_transplant_allcause_O_E","ci_diff_transplant_allcause_O_E","exp_transplant_allcause_E","smr_transplant_allcause_E","ci_low_transplant_allcause_E","ci_high_transplant_allcause_E","ci_diff_transplant_allcause_E","exp_transplant_allcause_O","smr_transplant_allcause_O","ci_low_transplant_allcause_O","ci_high_transplant_allcause_O","ci_diff_transplant_allcause_O","mort_ratio_transplant_covid","obs_transplant_covid","exp_transplant_covid_O_E","smr_transplant_covid_O_E","ci_low_transplant_covid_O_E","ci_high_transplant_covid_O_E","ci_diff_transplant_covid_O_E","exp_transplant_covid_E","smr_transplant_covid_E","ci_low_transplant_covid_E","ci_high_transplant_covid_E","ci_diff_transplant_covid_E","exp_transplant_covid_O","smr_transplant_covid_O","ci_low_transplant_covid_O","ci_high_transplant_covid_O","ci_diff_transplant_covid_O","obs_transplant_cancer_cvd","exp_transplant_cancer_cvd_O_E","smr_transplant_cancer_cvd_O_E","ci_low_transplant_cancer_cvd_O_E","ci_high_transplant_cancer_cvd_O_E","ci_diff_transplant_cancer_cvd_O_E","exp_transplant_cancer_cvd_E","smr_transplant_cancer_cvd_E","ci_low_transplant_cancer_cvd_E","ci_high_transplant_cancer_cvd_E","ci_diff_transplant_cancer_cvd_E","exp_transplant_cancer_cvd_O","smr_transplant_cancer_cvd_O","ci_low_transplant_cancer_cvd_O","ci_high_transplant_cancer_cvd_O","ci_diff_transplant_cancer_cvd_O"
"1",2016,1,2016-01-01,"no covid period",0.0119453924914676,NA,0.00426621160409556,NA,NA,NA,0.0119453924914676,70,19.2391648269021,3.69,2.88,4.57,0.843,19.2391648269021,3.69,3.61,3.75,0.069,19.2391648269021,3.69,2.86,4.52,0.832,NA,NA,NA,NA,NA,NA,NA,NA,NA,NA,NA,NA,NA,NA,NA,NA,NA,0.00426621160409556,25,10.6177476144905,2.26,1.45,3.22,0.885,10.6177476144905,2.26,2.2,2.31,0.057,10.6177476144905,2.26,1.41,3.2,0.895,NA,NA,NA,NA,NA,NA,NA,NA,NA,NA,NA,NA,NA,NA,NA,NA,NA,NA,NA,NA,NA,NA,NA,NA,NA,NA,NA,NA,NA,NA,NA,NA,NA,NA,NA,NA,NA,NA,NA,NA,NA,NA,NA,NA,NA,NA,NA,NA,NA,NA
"2",2016,2,2016-02-01,"no covid period",0.0135869565217391,NA,0.00509510869565217,NA,NA,NA,0.0135869565217391,80,17.7807849135709,4.5,3.5,5.43,0.968,17.7807849135709,4.5,4.4,4.59,0.091,17.7807849135709,4.5,3.54,5.51,0.984,NA,NA,NA,NA,NA,NA,NA,NA,NA,NA,NA,NA,NA,NA,NA,NA,NA,0.00509510869565217,30,9.66490818646915,3.31,2.3,4.46,1.083,9.66490818646915,3.31,3.21,3.4,0.095,9.66490818646915,3.31,2.27,4.55,1.139,NA,NA,NA,NA,NA,NA,NA,NA,NA,NA,NA,NA,NA,NA,NA,NA,NA,NA,NA,NA,NA,NA,NA,NA,NA,NA,NA,NA,NA,NA,NA,NA,NA,NA,NA,NA,NA,NA,NA,NA,NA,NA,NA,NA,NA,NA,NA,NA,NA,NA
"3",2016,3,2016-03-01,"no covid period",0.0179028132992327,NA,0.00596760443307758,NA,NA,NA,0.0179028132992327,105,18.8671511016153,5.57,4.52,6.64,1.064,18.8671511016153,5.57,5.44,5.66,0.111,18.8671511016153,5.57,4.56,6.68,1.06,NA,NA,NA,NA,NA,NA,NA,NA,NA,NA,NA,NA,NA,NA,NA,NA,NA,0.00596760443307758,35,10.459475040407,3.54,2.45,4.86,1.203,10.459475040407,3.54,3.44,3.62,0.092,10.459475040407,3.54,2.49,4.68,1.099,NA,NA,NA,NA,NA,NA,NA,NA,NA,NA,NA,NA,NA,NA,NA,NA,NA,NA,NA,NA,NA,NA,NA,NA,NA,NA,NA,NA,NA,NA,NA,NA,NA,NA,NA,NA,NA,NA,NA,NA,NA,NA,NA,NA,NA,NA,NA,NA,NA,NA
"4",2016,4,2016-04-01,"no covid period",0.0144557823129252,NA,0.00595238095238095,NA,NA,NA,0.0144557823129252,85,16.8538580046792,5.04,4.02,6.04,1.006,16.8538580046792,5.04,4.93,5.13,0.104,16.8538580046792,5.04,4.09,6.11,1.009,NA,NA,NA,NA,NA,NA,NA,NA,NA,NA,NA,NA,NA,NA,NA,NA,NA,0.00595238095238095,35,9.40498908722686,3.93,2.75,5.2,1.221,9.40498908722686,3.93,3.82,4.04,0.112,9.40498908722686,3.93,2.76,5.21,1.223,NA,NA,NA,NA,NA,NA,NA,NA,NA,NA,NA,NA,NA,NA,NA,NA,NA,NA,NA,NA,NA,NA,NA,NA,NA,NA,NA,NA,NA,NA,NA,NA,NA,NA,NA,NA,NA,NA,NA,NA,NA,NA,NA,NA,NA,NA,NA,NA,NA,NA
"5",2016,5,2016-05-01,"no covid period",0.0161647098859963,NA,0.00765696784073507,NA,NA,NA,0.0161647098859963,95,16.724447076305,5.68,4.59,6.86,1.139,16.724447076305,5.68,5.56,5.79,0.115,16.724447076305,5.68,4.54,6.82,1.137,NA,NA,NA,NA,NA,NA,NA,NA,NA,NA,NA,NA,NA,NA,NA,NA,NA,0.00765696784073507,45,9.5151879227651,4.62,3.29,6.13,1.417,9.5151879227651,4.62,4.48,4.74,0.127,9.5151879227651,4.62,3.26,5.89,1.314,NA,NA,NA,NA,NA,NA,NA,NA,NA,NA,NA,NA,NA,NA,NA,NA,NA,NA,NA,NA,NA,NA,NA,NA,NA,NA,NA,NA,NA,NA,NA,NA,NA,NA,NA,NA,NA,NA,NA,NA,NA,NA,NA,NA,NA,NA,NA,NA,NA,NA
"6",2016,6,2016-06-01,"no covid period",0.0110525420846795,NA,0.00425097772487672,0.00220783043862231,NA,NA,0.0110525420846795,65,15.3607695689215,4.1,3.16,5.15,0.997,15.3607695689215,4.1,4,4.18,0.089,15.3607695689215,4.1,3.12,5.14,1.009,NA,NA,NA,NA,NA,NA,NA,NA,NA,NA,NA,NA,NA,NA,NA,NA,NA,0.00425097772487672,25,8.89511235900637,2.7,1.75,3.8,1.026,8.89511235900637,2.7,2.62,2.77,0.075,8.89511235900637,2.7,1.69,3.82,1.068,0.00220783043862231,15,4.90442775111179,3.06,1.6,4.71,1.554,4.90442775111179,3.06,2.96,3.12,0.078,4.90442775111179,3.06,1.63,4.69,1.529,NA,NA,NA,NA,NA,NA,NA,NA,NA,NA,NA,NA,NA,NA,NA,NA,NA,NA,NA,NA,NA,NA,NA,NA,NA,NA,NA,NA,NA,NA,NA,NA,NA
"7",2016,7,2016-07-01,"no covid period",0.0144410465511383,NA,0.00679578661230037,NA,NA,NA,0.0144410465511383,85,15.9808242481327,5.32,4.21,6.5,1.142,15.9808242481327,5.32,5.19,5.42,0.114,15.9808242481327,5.32,4.25,6.38,1.065,NA,NA,NA,NA,NA,NA,NA,NA,NA,NA,NA,NA,NA,NA,NA,NA,NA,0.00679578661230037,40,9.09182694110569,4.29,3.05,5.62,1.282,9.09182694110569,4.29,4.17,4.4,0.117,9.09182694110569,4.29,2.97,5.72,1.375,NA,NA,NA,NA,NA,NA,NA,NA,NA,NA,NA,NA,NA,NA,NA,NA,NA,NA,NA,NA,NA,NA,NA,NA,NA,NA,NA,NA,NA,NA,NA,NA,NA,NA,NA,NA,NA,NA,NA,NA,NA,NA,NA,NA,NA,NA,NA,NA,NA,NA
"8",2016,8,2016-08-01,"no covid period",0.0145051194539249,NA,0.00511945392491468,0.00145645208272648,NA,NA,0.0145051194539249,85,15.3729115691728,5.66,4.44,6.83,1.191,15.3729115691728,5.66,5.53,5.78,0.127,15.3729115691728,5.66,4.49,6.83,1.171,NA,NA,NA,NA,NA,NA,NA,NA,NA,NA,NA,NA,NA,NA,NA,NA,NA,0.00511945392491468,30,8.72999121384526,3.55,2.26,4.87,1.303,8.72999121384526,3.55,3.44,3.65,0.103,8.72999121384526,3.55,2.41,4.81,1.203,0.00145645208272648,10,5.13785114912557,2.34,1.13,3.78,1.325,5.13785114912557,2.34,2.28,2.4,0.058,5.13785114912557,2.34,1.17,3.7,1.265,NA,NA,NA,NA,NA,NA,NA,NA,NA,NA,NA,NA,NA,NA,NA,NA,NA,NA,NA,NA,NA,NA,NA,NA,NA,NA,NA,NA,NA,NA,NA,NA,NA
"9",2016,9,2016-09-01,"no covid period",0.0110883657454794,NA,0.0042647560559536,0.00217170985956276,NA,NA,0.0110883657454794,65,15.1330302051674,4.16,3.2,5.14,0.968,15.1330302051674,4.16,4.06,4.24,0.091,15.1330302051674,4.16,3.17,5.22,1.024,NA,NA,NA,NA,NA,NA,NA,NA,NA,NA,NA,NA,NA,NA,NA,NA,NA,0.0042647560559536,25,8.81991172301314,2.83,1.78,4,1.108,8.81991172301314,2.83,2.75,2.91,0.078,8.81991172301314,2.83,1.7,3.97,1.135,0.00217170985956276,15,5.14052334520746,2.53,1.34,3.94,1.302,5.14052334520746,2.53,2.44,2.57,0.065,5.14052334520746,2.53,1.36,4.09,1.362,NA,NA,NA,NA,NA,NA,NA,NA,NA,NA,NA,NA,NA,NA,NA,NA,NA,NA,NA,NA,NA,NA,NA,NA,NA,NA,NA,NA,NA,NA,NA,NA,NA
"10",2016,10,2016-10-01,"no covid period",0.0153139356814701,NA,0.00510464522715671,0.00215455328928469,NA,NA,0.0153139356814701,90,16.9162877907065,5.38,4.27,6.6,1.162,16.9162877907065,5.38,5.25,5.48,0.113,16.9162877907065,5.38,4.32,6.5,1.094,NA,NA,NA,NA,NA,NA,NA,NA,NA,NA,NA,NA,NA,NA,NA,NA,NA,0.00510464522715671,30,9.74543936106337,3.18,2.09,4.42,1.162,9.74543936106337,3.18,3.09,3.27,0.09,9.74543936106337,3.18,2.15,4.41,1.13,0.00215455328928469,15,5.53899504678714,3.07,1.74,4.66,1.457,5.53899504678714,3.07,2.98,3.13,0.075,5.53899504678714,3.07,1.62,4.51,1.444,NA,NA,NA,NA,NA,NA,NA,NA,NA,NA,NA,NA,NA,NA,NA,NA,NA,NA,NA,NA,NA,NA,NA,NA,NA,NA,NA,NA,NA,NA,NA,NA,NA
"11",2016,11,2016-11-01,"no covid period",0.0153348100187425,NA,0.00596353722951099,0.00214041095890411,NA,NA,0.0153348100187425,90,17.0440519310122,5.22,4.22,6.31,1.047,17.0440519310122,5.22,5.1,5.32,0.109,17.0440519310122,5.22,4.22,6.34,1.056,NA,NA,NA,NA,NA,NA,NA,NA,NA,NA,NA,NA,NA,NA,NA,NA,NA,0.00596353722951099,35,9.61166640339022,3.43,2.28,4.67,1.193,9.61166640339022,3.43,3.33,3.52,0.094,9.61166640339022,3.43,2.18,4.79,1.301,0.00214041095890411,15,5.37930294238588,2.79,1.49,4.26,1.388,5.37930294238588,2.79,2.72,2.86,0.07,5.37930294238588,2.79,1.49,4.28,1.394,NA,NA,NA,NA,NA,NA,NA,NA,NA,NA,NA,NA,NA,NA,NA,NA,NA,NA,NA,NA,NA,NA,NA,NA,NA,NA,NA,NA,NA,NA,NA,NA,NA
"12",2016,12,2016-12-01,"no covid period",0.0188002050931465,NA,0.00683643821568963,0.00212344280860702,NA,NA,0.0188002050931465,110,18.8453619405423,5.84,4.76,6.88,1.056,18.8453619405423,5.84,5.71,5.93,0.113,18.8453619405423,5.84,4.83,6.9,1.035,NA,NA,NA,NA,NA,NA,NA,NA,NA,NA,NA,NA,NA,NA,NA,NA,NA,0.00683643821568963,40,9.97013829916533,4.21,2.98,5.5,1.264,9.97013829916533,4.21,4.1,4.32,0.11,9.97013829916533,4.21,2.91,5.52,1.304,0.00212344280860702,15,5.99495784870131,2.5,1.33,3.79,1.23,5.99495784870131,2.5,2.44,2.56,0.061,5.99495784870131,2.5,1.33,3.84,1.251,NA,NA,NA,NA,NA,NA,NA,NA,NA,NA,NA,NA,NA,NA,NA,NA,NA,NA,NA,NA,NA,NA,NA,NA,NA,NA,NA,NA,NA,NA,NA,NA,NA
"13",2017,1,2017-01-01,"no covid period",0.0188841201716738,NA,0.00772532188841202,0.00211148648648649,NA,NA,0.0188841201716738,110,22.0284846432134,5.04,4.08,6.01,0.965,22.0284846432134,5.04,4.94,5.12,0.088,22.0284846432134,5.04,4.09,5.95,0.931,NA,NA,NA,NA,NA,NA,NA,NA,NA,NA,NA,NA,NA,NA,NA,NA,NA,0.00772532188841202,45,11.0001484497337,3.91,2.87,5.12,1.126,11.0001484497337,3.91,3.81,4,0.096,11.0001484497337,3.91,2.82,5.09,1.137,0.00211148648648649,15,6.57863939554897,2.58,1.4,3.92,1.261,6.57863939554897,2.58,2.53,2.64,0.057,6.57863939554897,2.58,1.52,3.8,1.14,NA,NA,NA,NA,NA,NA,NA,NA,NA,NA,NA,NA,NA,NA,NA,NA,NA,NA,NA,NA,NA,NA,NA,NA,NA,NA,NA,NA,NA,NA,NA,NA,NA
"14",2017,2,2017-02-01,"no covid period",0.0111933872912003,NA,0.00516617874978474,0.00210172341319882,NA,NA,0.0111933872912003,65,18.7591078620932,3.57,2.74,4.48,0.874,18.7591078620932,3.57,3.5,3.63,0.069,18.7591078620932,3.57,2.72,4.42,0.853,NA,NA,NA,NA,NA,NA,NA,NA,NA,NA,NA,NA,NA,NA,NA,NA,NA,0.00516617874978474,30,9.63174586295949,2.91,1.92,3.99,1.036,9.63174586295949,2.91,2.83,2.98,0.076,9.63174586295949,2.91,1.97,3.95,0.988,0.00210172341319882,15,5.87294030883193,2.38,1.2,3.73,1.262,5.87294030883193,2.38,2.33,2.44,0.057,5.87294030883193,2.38,1.19,3.75,1.277,NA,NA,NA,NA,NA,NA,NA,NA,NA,NA,NA,NA,NA,NA,NA,NA,NA,NA,NA,NA,NA,NA,NA,NA,NA,NA,NA,NA,NA,NA,NA,NA,NA
"15",2017,3,2017-03-01,"no covid period",0.0172146668961956,NA,0.00602513341366845,0.00278396436525613,NA,0.00139198218262806,0.0172146668961956,100,17.6350767070464,5.56,4.44,6.64,1.1,17.6350767070464,5.56,5.43,5.66,0.115,17.6350767070464,5.56,4.37,6.69,1.162,NA,NA,NA,NA,NA,NA,NA,NA,NA,NA,NA,NA,NA,NA,NA,NA,NA,0.00602513341366845,35,9.72631980053485,3.5,2.39,4.55,1.079,9.72631980053485,3.5,3.4,3.59,0.096,9.72631980053485,3.5,2.36,4.63,1.131,0.00278396436525613,20,5.84319638943102,3.08,1.87,4.47,1.299,5.84319638943102,3.08,3,3.15,0.072,5.84319638943102,3.08,1.71,4.62,1.455,NA,NA,NA,NA,NA,NA,NA,NA,NA,NA,NA,NA,NA,NA,NA,NA,NA,10,3.79827876950517,2.63,1.06,4.46,1.702,3.79827876950517,2.63,2.54,2.7,0.084,3.79827876950517,2.63,1.05,4.48,1.711
"16",2017,4,2017-04-01,"no covid period",0.0138026224982747,NA,0.00690131124913734,0.0027708506511499,NA,NA,0.0138026224982747,80,15.7525220537545,4.95,3.87,6.07,1.097,15.7525220537545,4.95,4.83,5.05,0.109,15.7525220537545,4.95,3.81,6.09,1.143,NA,NA,NA,NA,NA,NA,NA,NA,NA,NA,NA,NA,NA,NA,NA,NA,NA,0.00690131124913734,40,8.98064657965968,4.23,2.8,5.51,1.358,8.98064657965968,4.23,4.11,4.34,0.118,8.98064657965968,4.23,2.9,5.68,1.393,0.0027708506511499,20,5.48378063621429,3.28,1.92,4.81,1.443,5.48378063621429,3.28,3.2,3.36,0.08,5.48378063621429,3.28,1.82,4.92,1.55,NA,NA,NA,NA,NA,NA,NA,NA,NA,NA,NA,NA,NA,NA,NA,NA,NA,NA,NA,NA,NA,NA,NA,NA,NA,NA,NA,NA,NA,NA,NA,NA,NA
"17",2017,5,2017-05-01,"no covid period",0.012075211316198,NA,0.00431257547007073,0.00345113197128658,NA,0.00138045278851463,0.012075211316198,70,16.5409740464541,4.23,3.25,5.14,0.944,16.5409740464541,4.23,4.14,4.31,0.082,16.5409740464541,4.23,3.33,5.2,0.937,NA,NA,NA,NA,NA,NA,NA,NA,NA,NA,NA,NA,NA,NA,NA,NA,NA,0.00431257547007073,25,9.34819928182113,2.67,1.7,3.77,1.035,9.34819928182113,2.67,2.6,2.74,0.074,9.34819928182113,2.67,1.71,3.74,1.016,0.00345113197128658,25,5.75735236605431,4.34,2.74,6.02,1.641,5.75735236605431,4.34,4.23,4.44,0.106,5.75735236605431,4.34,2.78,6.08,1.65,NA,NA,NA,NA,NA,NA,NA,NA,NA,NA,NA,NA,NA,NA,NA,NA,NA,10,3.74195824428278,2.94,1.34,4.67,1.665,3.74195824428278,2.94,2.85,3.03,0.09,3.74195824428278,2.94,1.34,4.54,1.603
"18",2017,6,2017-06-01,"no covid period",0.0129332643559234,NA,0.00344887049491292,0.00275065328015404,NA,NA,0.0129332643559234,75,15.1362444810713,4.82,3.71,5.91,1.096,15.1362444810713,4.82,4.71,4.92,0.108,15.1362444810713,4.82,3.77,5.95,1.09,NA,NA,NA,NA,NA,NA,NA,NA,NA,NA,NA,NA,NA,NA,NA,NA,NA,0.00344887049491292,20,8.56064632205627,2.57,1.54,3.64,1.048,8.56064632205627,2.57,2.49,2.64,0.074,8.56064632205627,2.57,1.52,3.62,1.051,0.00275065328015404,20,5.38814840631839,3.34,1.85,4.82,1.486,5.38814840631839,3.34,3.25,3.43,0.088,5.38814840631839,3.34,2.04,4.83,1.394,NA,NA,NA,NA,NA,NA,NA,NA,NA,NA,NA,NA,NA,NA,NA,NA,NA,NA,NA,NA,NA,NA,NA,NA,NA,NA,NA,NA,NA,NA,NA,NA,NA
"19",2017,7,2017-07-01,"no covid period",0.0155172413793103,NA,0.00689655172413793,0.00205423171733772,NA,NA,0.0155172413793103,90,15.3434687100974,5.74,4.63,6.98,1.173,15.3434687100974,5.74,5.59,5.84,0.129,15.3434687100974,5.74,4.63,6.84,1.109,NA,NA,NA,NA,NA,NA,NA,NA,NA,NA,NA,NA,NA,NA,NA,NA,NA,0.00689655172413793,40,8.70449068472435,4.37,2.97,5.65,1.341,8.70449068472435,4.37,4.23,4.49,0.129,8.70449068472435,4.37,3.1,5.74,1.321,0.00205423171733772,15,5.53060206730553,3.07,1.77,4.48,1.357,5.53060206730553,3.07,2.98,3.13,0.077,5.53060206730553,3.07,1.63,4.52,1.446,NA,NA,NA,NA,NA,NA,NA,NA,NA,NA,NA,NA,NA,NA,NA,NA,NA,NA,NA,NA,NA,NA,NA,NA,NA,NA,NA,NA,NA,NA,NA,NA,NA
"20",2017,8,2017-08-01,"no covid period",0.0146982535016427,NA,0.00518761888293273,0.00272479564032697,NA,NA,0.0146982535016427,85,15.024657237344,5.59,4.44,6.72,1.144,15.024657237344,5.59,5.45,5.7,0.125,15.024657237344,5.59,4.46,6.79,1.165,NA,NA,NA,NA,NA,NA,NA,NA,NA,NA,NA,NA,NA,NA,NA,NA,NA,0.00518761888293273,30,8.61942599000387,3.71,2.53,5.1,1.282,8.61942599000387,3.71,3.6,3.82,0.106,8.61942599000387,3.71,2.55,4.99,1.22,0.00272479564032697,20,5.50442364216346,3.45,2,5,1.5,5.50442364216346,3.45,3.36,3.53,0.086,5.50442364216346,3.45,2,5.09,1.544,NA,NA,NA,NA,NA,NA,NA,NA,NA,NA,NA,NA,NA,NA,NA,NA,NA,NA,NA,NA,NA,NA,NA,NA,NA,NA,NA,NA,NA,NA,NA,NA,NA
"21",2017,9,2017-09-01,"no covid period",0.00954364046503557,NA,0.00347041471455839,0.00338937093275488,NA,0.00135574837310195,0.00954364046503557,55,15.101277380092,3.64,2.7,4.64,0.972,15.101277380092,3.64,3.56,3.71,0.077,15.101277380092,3.64,2.72,4.57,0.927,NA,NA,NA,NA,NA,NA,NA,NA,NA,NA,NA,NA,NA,NA,NA,NA,NA,0.00347041471455839,20,8.54431933764259,2.34,1.4,3.41,1.006,8.54431933764259,2.34,2.27,2.41,0.069,8.54431933764259,2.34,1.29,3.4,1.055,0.00338937093275488,25,5.67993520363468,4.23,2.56,5.82,1.629,5.67993520363468,4.23,4.11,4.32,0.105,5.67993520363468,4.23,2.46,6.16,1.849,NA,NA,NA,NA,NA,NA,NA,NA,NA,NA,NA,NA,NA,NA,NA,NA,NA,10,3.72623446758155,2.95,1.35,4.83,1.743,3.72623446758155,2.95,2.86,3.04,0.091,3.72623446758155,2.95,1.34,4.83,1.744
"22",2017,10,2017-10-01,"no covid period",0.0155601659751037,NA,0.00691562932226833,0.00337336391849953,NA,NA,0.0155601659751037,90,15.8100380809193,5.57,4.34,6.81,1.236,15.8100380809193,5.57,5.43,5.67,0.12,15.8100380809193,5.57,4.36,6.7,1.17,NA,NA,NA,NA,NA,NA,NA,NA,NA,NA,NA,NA,NA,NA,NA,NA,NA,0.00691562932226833,40,9.05219966885694,4.31,3.03,5.68,1.325,9.05219966885694,4.31,4.19,4.42,0.115,9.05219966885694,4.31,2.98,5.63,1.326,0.00337336391849953,25,5.71857945418018,4.55,2.95,6.3,1.675,5.71857945418018,4.55,4.43,4.65,0.11,5.71857945418018,4.55,2.97,6.47,1.749,NA,NA,NA,NA,NA,NA,NA,NA,NA,NA,NA,NA,NA,NA,NA,NA,NA,NA,NA,NA,NA,NA,NA,NA,NA,NA,NA,NA,NA,NA,NA,NA,NA
"23",2017,11,2017-11-01,"no covid period",0.0138456213222568,NA,0.00519210799584631,0.00402684563758389,NA,0.00268456375838926,0.0138456213222568,80,16.3631465382954,4.89,3.93,5.98,1.029,16.3631465382954,4.89,4.78,4.98,0.103,16.3631465382954,4.89,3.91,5.99,1.039,NA,NA,NA,NA,NA,NA,NA,NA,NA,NA,NA,NA,NA,NA,NA,NA,NA,0.00519210799584631,30,9.10649991992473,3.4,2.28,4.69,1.202,9.10649991992473,3.4,3.31,3.5,0.095,9.10649991992473,3.4,2.2,4.61,1.209,0.00402684563758389,30,5.85745436511324,5.29,3.55,7.22,1.835,5.85745436511324,5.29,5.16,5.41,0.122,5.85745436511324,5.29,3.59,7.17,1.793,NA,NA,NA,NA,NA,NA,NA,NA,NA,NA,NA,NA,NA,NA,NA,NA,NA,20,3.82264812444248,5.49,3.32,8,2.342,3.82264812444248,5.49,5.3,5.67,0.181,3.82264812444248,5.49,3.14,7.85,2.354
"24",2017,12,2017-12-01,"no covid period",0.018125323666494,NA,0.00776799585706888,0.00200910795606751,NA,NA,0.018125323666494,105,18.5933796950087,5.59,4.5,6.72,1.112,18.5933796950087,5.59,5.47,5.69,0.113,18.5933796950087,5.59,4.52,6.78,1.129,NA,NA,NA,NA,NA,NA,NA,NA,NA,NA,NA,NA,NA,NA,NA,NA,NA,0.00776799585706888,45,10.1559756702622,4.23,3.03,5.43,1.197,10.1559756702622,4.23,4.12,4.34,0.112,10.1559756702622,4.23,3.05,5.51,1.231,0.00200910795606751,15,6.45137763310607,2.17,1.08,3.42,1.167,6.45137763310607,2.17,2.12,2.22,0.05,6.45137763310607,2.17,1.09,3.41,1.163,NA,NA,NA,NA,NA,NA,NA,NA,NA,NA,NA,NA,NA,NA,NA,NA,NA,NA,NA,NA,NA,NA,NA,NA,NA,NA,NA,NA,NA,NA,NA,NA,NA
"25",2018,1,2018-01-01,"no covid period",0.01902126923742,NA,0.00691682517724364,0.0033306687982947,NA,0.00133226751931788,0.01902126923742,110,20.0875892034128,5.48,4.45,6.46,1.003,20.0875892034128,5.48,5.36,5.57,0.108,20.0875892034128,5.48,4.43,6.52,1.045,NA,NA,NA,NA,NA,NA,NA,NA,NA,NA,NA,NA,NA,NA,NA,NA,NA,0.00691682517724364,40,10.3538134166087,3.86,2.71,5.05,1.173,10.3538134166087,3.86,3.76,3.96,0.101,10.3538134166087,3.86,2.7,5.02,1.159,0.0033306687982947,25,7.02481756334437,3.42,2.18,4.9,1.357,7.02481756334437,3.42,3.33,3.49,0.076,7.02481756334437,3.42,2.14,4.7,1.281,NA,NA,NA,NA,NA,NA,NA,NA,NA,NA,NA,NA,NA,NA,NA,NA,NA,10,4.31361292036195,2.32,0.93,3.92,1.496,4.31361292036195,2.32,2.24,2.38,0.068,4.31361292036195,2.32,0.93,3.71,1.391
"26",2018,2,2018-02-01,"no covid period",0.0182228392919125,NA,0.00607427976397084,0.00397825222119082,NA,0.00198912611059541,0.0182228392919125,105,19.5210335911563,5.28,4.27,6.37,1.047,19.5210335911563,5.28,5.16,5.37,0.102,19.5210335911563,5.28,4.3,6.2,0.948,NA,NA,NA,NA,NA,NA,NA,NA,NA,NA,NA,NA,NA,NA,NA,NA,NA,0.00607427976397084,35,9.57016826270115,3.76,2.64,4.98,1.169,9.57016826270115,3.76,3.65,3.86,0.103,9.57016826270115,3.76,2.61,5.02,1.202,0.00397825222119082,30,6.7936236061401,4.42,2.79,6.03,1.62,6.7936236061401,4.42,4.31,4.51,0.098,6.7936236061401,4.42,2.94,6.04,1.546,NA,NA,NA,NA,NA,NA,NA,NA,NA,NA,NA,NA,NA,NA,NA,NA,NA,15,3.98741615334812,3.26,1.74,5.02,1.641,3.98741615334812,3.26,3.16,3.36,0.096,3.98741615334812,3.26,1.5,5.27,1.881
"27",2018,3,2018-03-01,"no covid period",0.0165794066317627,NA,0.00610820244328098,0.00396667988893296,NA,0.00198333994446648,0.0165794066317627,95,21.9212518453137,4.33,3.4,5.27,0.935,21.9212518453137,4.33,4.25,4.4,0.077,21.9212518453137,4.33,3.47,5.29,0.912,NA,NA,NA,NA,NA,NA,NA,NA,NA,NA,NA,NA,NA,NA,NA,NA,NA,0.00610820244328098,35,10.5268617239887,3.23,2.19,4.36,1.082,10.5268617239887,3.23,3.14,3.31,0.081,10.5268617239887,3.23,2.18,4.37,1.094,0.00396667988893296,30,7.6834871263211,3.9,2.58,5.25,1.339,7.6834871263211,3.9,3.81,3.97,0.081,7.6834871263211,3.9,2.6,5.21,1.301,NA,NA,NA,NA,NA,NA,NA,NA,NA,NA,NA,NA,NA,NA,NA,NA,NA,15,4.41476258524905,2.94,1.36,4.54,1.59,4.41476258524905,2.94,2.86,3.03,0.083,4.41476258524905,2.94,1.59,4.53,1.472
"28",2018,4,2018-04-01,"no covid period",0.012242042672263,NA,0.0043721580972368,0.00328947368421053,NA,0.00197368421052632,0.012242042672263,70,15.6969782154129,4.59,3.53,5.69,1.081,15.6969782154129,4.59,4.48,4.67,0.096,15.6969782154129,4.59,3.5,5.61,1.051,NA,NA,NA,NA,NA,NA,NA,NA,NA,NA,NA,NA,NA,NA,NA,NA,NA,0.0043721580972368,25,8.52388543525651,2.93,1.87,4.18,1.156,8.52388543525651,2.93,2.85,3.01,0.079,8.52388543525651,2.93,1.88,4.11,1.115,0.00328947368421053,25,6.13468686007305,3.91,2.52,5.51,1.498,6.13468686007305,3.91,3.81,4,0.095,6.13468686007305,3.91,2.6,5.54,1.469,NA,NA,NA,NA,NA,NA,NA,NA,NA,NA,NA,NA,NA,NA,NA,NA,NA,15,3.84531454632963,3.64,1.81,5.54,1.864,3.84531454632963,3.64,3.52,3.73,0.103,3.84531454632963,3.64,1.82,5.46,1.82
"29",2018,5,2018-05-01,"no covid period",0.0147697654213727,NA,0.00608166811468288,0.0032782585890375,NA,0.001311303435615,0.0147697654213727,85,15.5003113498907,5.55,4.38,6.61,1.119,15.5003113498907,5.55,5.42,5.66,0.123,15.5003113498907,5.55,4.39,6.84,1.226,NA,NA,NA,NA,NA,NA,NA,NA,NA,NA,NA,NA,NA,NA,NA,NA,NA,0.00608166811468288,35,8.75855378848181,4.22,2.92,5.69,1.387,8.75855378848181,4.22,4.1,4.33,0.111,8.75855378848181,4.22,2.97,5.59,1.313,0.0032782585890375,25,5.91430455837446,3.89,2.39,5.57,1.587,5.91430455837446,3.89,3.79,3.97,0.09,5.91430455837446,3.89,2.37,5.58,1.606,NA,NA,NA,NA,NA,NA,NA,NA,NA,NA,NA,NA,NA,NA,NA,NA,NA,10,3.83215149661163,2.87,1.3,4.56,1.634,3.83215149661163,2.87,2.78,2.96,0.093,3.83215149661163,2.87,1.04,4.7,1.827
"30",2018,6,2018-06-01,"no covid period",0.012178148921364,NA,0.00521920668058455,0.00196052803555091,NA,NA,0.012178148921364,70,14.6533872867335,4.78,3.79,5.9,1.057,14.6533872867335,4.78,4.67,4.87,0.099,14.6533872867335,4.78,3.62,5.94,1.16,NA,NA,NA,NA,NA,NA,NA,NA,NA,NA,NA,NA,NA,NA,NA,NA,NA,0.00521920668058455,30,8.26051409937577,3.75,2.4,5.04,1.32,8.26051409937577,3.75,3.64,3.86,0.111,8.26051409937577,3.75,2.54,5.08,1.273,0.00196052803555091,15,5.79993556414235,2.41,1.21,3.72,1.256,5.79993556414235,2.41,2.35,2.47,0.061,5.79993556414235,2.41,1.21,3.62,1.207,NA,NA,NA,NA,NA,NA,NA,NA,NA,NA,NA,NA,NA,NA,NA,NA,NA,NA,NA,NA,NA,NA,NA,NA,NA,NA,NA,NA,NA,NA,NA,NA,NA
"31",2018,7,2018-07-01,"no covid period",0.0138888888888889,NA,0.00434027777777778,0.00260179523871471,NA,NA,0.0138888888888889,80,15.4779385156087,5.23,4.11,6.36,1.127,15.4779385156087,5.23,5.11,5.33,0.111,15.4779385156087,5.23,4.13,6.2,1.035,NA,NA,NA,NA,NA,NA,NA,NA,NA,NA,NA,NA,NA,NA,NA,NA,NA,0.00434027777777778,25,8.38912240597612,3.22,2.05,4.39,1.172,8.38912240597612,3.22,3.12,3.31,0.092,8.38912240597612,3.22,2.03,4.41,1.192,0.00260179523871471,20,6.13902821233844,3.09,1.66,4.52,1.43,6.13902821233844,3.09,3.02,3.17,0.074,6.13902821233844,3.09,1.79,4.72,1.466,NA,NA,NA,NA,NA,NA,NA,NA,NA,NA,NA,NA,NA,NA,NA,NA,NA,NA,NA,NA,NA,NA,NA,NA,NA,NA,NA,NA,NA,NA,NA,NA,NA
"32",2018,8,2018-08-01,"no covid period",0.0138600138600139,NA,0.0051975051975052,0.00324548877060885,NA,0.00194729326236531,0.0138600138600139,80,15.1851296635376,5.33,4.13,6.46,1.163,15.1851296635376,5.33,5.21,5.44,0.117,15.1851296635376,5.33,4.15,6.59,1.218,NA,NA,NA,NA,NA,NA,NA,NA,NA,NA,NA,NA,NA,NA,NA,NA,NA,0.0051975051975052,30,8.42161392117008,3.68,2.46,5.01,1.273,8.42161392117008,3.68,3.57,3.78,0.107,8.42161392117008,3.68,2.26,4.99,1.366,0.00324548877060885,25,6.17771457759691,4.37,2.77,6.12,1.674,6.17771457759691,4.37,4.26,4.47,0.106,6.17771457759691,4.37,2.91,6.15,1.619,NA,NA,NA,NA,NA,NA,NA,NA,NA,NA,NA,NA,NA,NA,NA,NA,NA,15,3.91656736002724,3.83,2.05,5.75,1.846,3.91656736002724,3.83,3.71,3.94,0.116,3.91656736002724,3.83,2.04,5.87,1.915
"33",2018,9,2018-09-01,"no covid period",0.0139178844815588,NA,0.00608907446068198,0.00259134490800726,NA,0.00129567245400363,0.0139178844815588,80,14.3951324513489,5.56,4.37,6.82,1.225,14.3951324513489,5.56,5.43,5.67,0.118,14.3951324513489,5.56,4.38,6.81,1.216,NA,NA,NA,NA,NA,NA,NA,NA,NA,NA,NA,NA,NA,NA,NA,NA,NA,0.00608907446068198,35,7.9494733816256,4.65,3.23,6.22,1.494,7.9494733816256,4.65,4.5,4.79,0.143,7.9494733816256,4.65,3.27,6.04,1.384,0.00259134490800726,20,5.93348653445932,3.37,2.01,4.93,1.459,5.93348653445932,3.37,3.27,3.44,0.084,5.93348653445932,3.37,1.85,4.89,1.517,NA,NA,NA,NA,NA,NA,NA,NA,NA,NA,NA,NA,NA,NA,NA,NA,NA,10,3.79839315827479,3.16,1.53,5.07,1.767,3.79839315827479,3.16,3.05,3.25,0.099,3.79839315827479,3.16,1.58,5,1.711
"34",2018,10,2018-10-01,"no covid period",0.0104275286757039,NA,0.00260688216892596,0.00257765175924733,NA,NA,0.0104275286757039,60,15.6183926592931,3.91,2.91,4.95,1.021,15.6183926592931,3.91,3.82,3.98,0.081,15.6183926592931,3.91,2.95,4.93,0.992,NA,NA,NA,NA,NA,NA,NA,NA,NA,NA,NA,NA,NA,NA,NA,NA,NA,0.00260688216892596,15,8.84984112785891,1.81,1.01,2.78,0.887,8.84984112785891,1.81,1.76,1.86,0.051,8.84984112785891,1.81,1.02,2.71,0.847,0.00257765175924733,20,6.38603149116346,2.82,1.57,4.2,1.316,6.38603149116346,2.82,2.74,2.87,0.064,6.38603149116346,2.82,1.72,4.07,1.176,NA,NA,NA,NA,NA,NA,NA,NA,NA,NA,NA,NA,NA,NA,NA,NA,NA,NA,NA,NA,NA,NA,NA,NA,NA,NA,NA,NA,NA,NA,NA,NA,NA
"35",2018,11,2018-11-01,"no covid period",0.0112165660051769,NA,0.00431406384814495,0.00256739409499358,NA,0.00128369704749679,0.0112165660051769,65,15.6816394896286,4.08,3.1,5.07,0.988,15.6816394896286,4.08,3.98,4.16,0.087,15.6816394896286,4.08,3.06,5.04,0.988,NA,NA,NA,NA,NA,NA,NA,NA,NA,NA,NA,NA,NA,NA,NA,NA,NA,0.00431406384814495,25,8.80541142682491,2.84,1.83,4.06,1.115,8.80541142682491,2.84,2.76,2.91,0.078,8.80541142682491,2.84,1.81,3.98,1.082,0.00256739409499358,20,6.33014330200122,3.48,2.03,5.08,1.522,6.33014330200122,3.48,3.39,3.56,0.085,6.33014330200122,3.48,2.05,5.06,1.501,NA,NA,NA,NA,NA,NA,NA,NA,NA,NA,NA,NA,NA,NA,NA,NA,NA,10,4.04056638213304,2.47,1,4.16,1.58,4.04056638213304,2.47,2.4,2.55,0.076,4.04056638213304,2.47,1.24,4.21,1.485
"36",2018,12,2018-12-01,"no covid period",0.0137693631669535,NA,0.00516351118760757,0.00191987712786382,NA,0.00127991808524254,0.0137693631669535,80,17.1799336850038,4.66,3.63,5.71,1.041,17.1799336850038,4.66,4.55,4.74,0.095,17.1799336850038,4.66,3.61,5.65,1.019,NA,NA,NA,NA,NA,NA,NA,NA,NA,NA,NA,NA,NA,NA,NA,NA,NA,0.00516351118760757,30,9.38535143849721,3.41,2.22,4.63,1.207,9.38535143849721,3.41,3.32,3.49,0.089,9.38535143849721,3.41,2.34,4.58,1.121,0.00191987712786382,15,6.82222803257872,2.49,1.33,3.74,1.204,6.82222803257872,2.49,2.44,2.55,0.054,6.82222803257872,2.49,1.47,3.66,1.099,NA,NA,NA,NA,NA,NA,NA,NA,NA,NA,NA,NA,NA,NA,NA,NA,NA,10,4.24420160203016,2.36,1.16,3.97,1.404,4.24420160203016,2.36,2.29,2.42,0.067,4.24420160203016,2.36,0.94,4.01,1.532
"37",2019,1,2019-01-01,"no covid period",0.0163258291802715,NA,0.00601477917167898,0.00318349675283331,NA,0.00127339870113333,0.0163258291802715,95,18.1623338361109,5.12,4.05,6.2,1.073,18.1623338361109,5.12,5.01,5.2,0.097,18.1623338361109,5.12,4.07,6.17,1.046,NA,NA,NA,NA,NA,NA,NA,NA,NA,NA,NA,NA,NA,NA,NA,NA,NA,0.00601477917167898,35,9.69587406559547,3.71,2.55,4.9,1.172,9.69587406559547,3.71,3.61,3.8,0.097,9.69587406559547,3.71,2.58,4.85,1.136,0.00318349675283331,25,7.22029093308848,3.32,2.07,4.73,1.331,7.22029093308848,3.32,3.25,3.39,0.073,7.22029093308848,3.32,2.08,4.71,1.316,NA,NA,NA,NA,NA,NA,NA,NA,NA,NA,NA,NA,NA,NA,NA,NA,NA,10,4.40014156189987,2.73,1.32,4.51,1.591,4.40014156189987,2.73,2.64,2.8,0.078,4.40014156189987,2.73,1.36,4.32,1.477
"38",2019,2,2019-02-01,"no covid period",0.0111664662429136,NA,0.00429479470881292,0.00190186382655002,NA,0.00126790921770001,0.0111664662429136,65,16.4867244339309,4,3.06,4.98,0.959,16.4867244339309,4,3.92,4.08,0.081,16.4867244339309,4,3.09,4.91,0.91,NA,NA,NA,NA,NA,NA,NA,NA,NA,NA,NA,NA,NA,NA,NA,NA,NA,0.00429479470881292,25,8.56560178049073,2.8,1.76,3.91,1.075,8.56560178049073,2.8,2.73,2.88,0.075,8.56560178049073,2.8,1.63,3.85,1.109,0.00190186382655002,15,6.76125816579555,2.51,1.35,3.84,1.244,6.76125816579555,2.51,2.46,2.57,0.059,6.76125816579555,2.51,1.48,3.7,1.111,NA,NA,NA,NA,NA,NA,NA,NA,NA,NA,NA,NA,NA,NA,NA,NA,NA,10,4.01836320591184,2.99,1.49,4.72,1.617,4.01836320591184,2.99,2.9,3.07,0.087,4.01836320591184,2.99,1.49,4.73,1.618
"39",2019,3,2019-03-01,"no covid period",0.0144730120892219,NA,0.00510812191384301,0.00316215532506957,NA,0.00189729319504174,0.0144730120892219,85,17.7883371652955,4.72,3.77,5.67,0.948,17.7883371652955,4.72,4.62,4.8,0.09,17.7883371652955,4.72,3.77,5.79,1.012,NA,NA,NA,NA,NA,NA,NA,NA,NA,NA,NA,NA,NA,NA,NA,NA,NA,0.00510812191384301,30,9.39323559489764,3.3,2.24,4.46,1.111,9.39323559489764,3.3,3.2,3.38,0.089,9.39323559489764,3.3,2.13,4.47,1.171,0.00316215532506957,25,7.3335224233023,3.41,2.18,4.81,1.312,7.3335224233023,3.41,3.33,3.48,0.076,7.3335224233023,3.41,2.18,4.77,1.295,NA,NA,NA,NA,NA,NA,NA,NA,NA,NA,NA,NA,NA,NA,NA,NA,NA,15,4.48096018369668,2.9,1.54,4.64,1.55,4.48096018369668,2.9,2.82,2.99,0.088,4.48096018369668,2.9,1.56,4.46,1.451
"40",2019,4,2019-04-01,"no covid period",0.0127964511175567,NA,0.00426548370585224,0.00252206809583859,NA,NA,0.0127964511175567,75,16.0409312289448,4.68,3.63,5.79,1.079,16.0409312289448,4.68,4.57,4.76,0.093,16.0409312289448,4.68,3.62,5.8,1.091,NA,NA,NA,NA,NA,NA,NA,NA,NA,NA,NA,NA,NA,NA,NA,NA,NA,0.00426548370585224,25,8.66961819394062,3.11,1.97,4.25,1.143,8.66961819394062,3.11,3.03,3.19,0.085,8.66961819394062,3.11,1.96,4.27,1.153,0.00252206809583859,20,6.75093240392191,2.81,1.62,4.07,1.224,6.75093240392191,2.81,2.75,2.88,0.069,6.75093240392191,2.81,1.63,4.15,1.259,NA,NA,NA,NA,NA,NA,NA,NA,NA,NA,NA,NA,NA,NA,NA,NA,NA,NA,NA,NA,NA,NA,NA,NA,NA,NA,NA,NA,NA,NA,NA,NA,NA
"41",2019,5,2019-05-01,"no covid period",0.0127833645815579,NA,0.00426112152718596,0.00251698968034231,NA,NA,0.0127833645815579,75,15.7523391574222,4.63,3.55,5.72,1.088,15.7523391574222,4.63,4.53,4.72,0.092,15.7523391574222,4.63,3.62,5.71,1.047,NA,NA,NA,NA,NA,NA,NA,NA,NA,NA,NA,NA,NA,NA,NA,NA,NA,0.00426112152718596,25,8.6653454119956,2.77,1.76,3.81,1.022,8.6653454119956,2.77,2.69,2.84,0.075,8.6653454119956,2.77,1.73,3.81,1.039,0.00251698968034231,20,6.68894050088696,2.84,1.62,4.2,1.292,6.68894050088696,2.84,2.78,2.91,0.065,6.68894050088696,2.84,1.64,4.19,1.271,NA,NA,NA,NA,NA,NA,NA,NA,NA,NA,NA,NA,NA,NA,NA,NA,NA,NA,NA,NA,NA,NA,NA,NA,NA,NA,NA,NA,NA,NA,NA,NA,NA
"42",2019,6,2019-06-01,"no covid period",0.0110789159706835,NA,0.00426112152718596,0.00250752256770311,NA,0.00125376128385156,0.0110789159706835,65,14.6745557836438,4.57,3.48,5.64,1.076,14.6745557836438,4.57,4.46,4.65,0.095,14.6745557836438,4.57,3.54,5.66,1.056,NA,NA,NA,NA,NA,NA,NA,NA,NA,NA,NA,NA,NA,NA,NA,NA,NA,0.00426112152718596,25,8.14456682103281,3.32,2.12,4.67,1.276,8.14456682103281,3.32,3.22,3.41,0.095,8.14456682103281,3.32,2.09,4.67,1.289,0.00250752256770311,20,6.47703483620927,3.09,1.85,4.46,1.305,6.47703483620927,3.09,3.01,3.15,0.07,6.47703483620927,3.09,1.85,4.32,1.235,NA,NA,NA,NA,NA,NA,NA,NA,NA,NA,NA,NA,NA,NA,NA,NA,NA,10,4.06514692728573,2.46,1.19,4.23,1.516,4.06514692728573,2.46,2.39,2.54,0.078,4.06514692728573,2.46,0.98,4.18,1.599
"43",2019,7,2019-07-01,"no covid period",0.0119128658951668,NA,0.00510551395507148,0.00311993011356546,NA,0.00124797204542618,0.0119128658951668,70,15.3052776414016,4.64,3.65,5.82,1.085,15.3052776414016,4.64,4.53,4.72,0.093,15.3052776414016,4.64,3.59,5.75,1.078,NA,NA,NA,NA,NA,NA,NA,NA,NA,NA,NA,NA,NA,NA,NA,NA,NA,0.00510551395507148,30,8.75257198299592,3.66,2.47,4.99,1.257,8.75257198299592,3.66,3.55,3.75,0.103,8.75257198299592,3.66,2.4,5.03,1.314,0.00311993011356546,25,6.85994926329973,3.94,2.53,5.55,1.51,6.85994926329973,3.94,3.84,4.02,0.09,6.85994926329973,3.94,2.48,5.39,1.458,NA,NA,NA,NA,NA,NA,NA,NA,NA,NA,NA,NA,NA,NA,NA,NA,NA,10,4.34556908706886,2.76,1.35,4.55,1.599,4.34556908706886,2.76,2.68,2.85,0.085,4.34556908706886,2.76,1.38,4.37,1.496
"44",2019,8,2019-08-01,"no covid period",0.0127183313549262,NA,0.00508733254197049,0.00310945273631841,NA,0.00186567164179104,0.0127183313549262,75,14.7613475807153,5.08,4,6.31,1.158,14.7613475807153,5.08,4.97,5.18,0.107,14.7613475807153,5.08,3.93,6.16,1.118,NA,NA,NA,NA,NA,NA,NA,NA,NA,NA,NA,NA,NA,NA,NA,NA,NA,0.00508733254197049,30,8.22202735132343,3.53,2.3,4.91,1.304,8.22202735132343,3.53,3.42,3.62,0.1,8.22202735132343,3.53,2.19,4.86,1.338,0.00310945273631841,25,6.61800166089382,3.63,2.12,5.25,1.57,6.61800166089382,3.63,3.54,3.7,0.083,6.61800166089382,3.63,2.27,5.14,1.435,NA,NA,NA,NA,NA,NA,NA,NA,NA,NA,NA,NA,NA,NA,NA,NA,NA,15,4.11688653106183,3.89,2.15,5.92,1.889,4.11688653106183,3.89,3.77,3.99,0.112,4.11688653106183,3.89,2.19,5.83,1.822
"45",2019,9,2019-09-01,"no covid period",0.0110057568574331,NA,0.00423298340670505,0.00372208436724566,NA,0.00186104218362283,0.0110057568574331,65,14.0921078692812,4.75,3.63,5.93,1.149,14.0921078692812,4.75,4.64,4.84,0.101,14.0921078692812,4.75,3.55,5.89,1.171,NA,NA,NA,NA,NA,NA,NA,NA,NA,NA,NA,NA,NA,NA,NA,NA,NA,0.00423298340670505,25,7.87171156357073,3.3,2.04,4.52,1.239,7.87171156357073,3.3,3.21,3.39,0.089,7.87171156357073,3.3,2.16,4.7,1.27,0.00372208436724566,30,6.34907843051382,4.88,3.3,6.56,1.632,6.34907843051382,4.88,4.77,4.99,0.111,6.34907843051382,4.88,3.15,6.62,1.733,NA,NA,NA,NA,NA,NA,NA,NA,NA,NA,NA,NA,NA,NA,NA,NA,NA,15,4.02391686616525,3.98,2.22,5.94,1.859,4.02391686616525,3.98,3.84,4.09,0.126,4.02391686616525,3.98,2.24,6.21,1.988
"46",2019,10,2019-10-01,"no covid period",0.0143702451394759,NA,0.00422654268808115,0.00247463499133878,NA,0.00123731749566939,0.0143702451394759,85,15.9408177652984,5.33,4.18,6.44,1.128,15.9408177652984,5.33,5.21,5.43,0.108,15.9408177652984,5.33,4.14,6.4,1.129,NA,NA,NA,NA,NA,NA,NA,NA,NA,NA,NA,NA,NA,NA,NA,NA,NA,0.00422654268808115,25,8.95037563194062,3.02,1.92,4.16,1.118,8.95037563194062,3.02,2.93,3.09,0.08,8.95037563194062,3.02,1.9,4.13,1.117,0.00247463499133878,20,7.14361018344141,2.66,1.53,3.9,1.182,7.14361018344141,2.66,2.6,2.73,0.063,7.14361018344141,2.66,1.54,3.78,1.122,NA,NA,NA,NA,NA,NA,NA,NA,NA,NA,NA,NA,NA,NA,NA,NA,NA,10,4.53124983581465,2.43,1.1,3.99,1.445,4.53124983581465,2.43,2.35,2.49,0.069,4.53124983581465,2.43,1.1,3.97,1.434
"47",2019,11,2019-11-01,"no covid period",0.0143169951153781,NA,0.00421088091628769,0.00308185404339251,NA,0.001232741617357,0.0143169951153781,85,16.5610676325556,5.07,4.07,6.14,1.035,16.5610676325556,5.07,4.96,5.17,0.103,16.5610676325556,5.07,3.98,6.22,1.118,NA,NA,NA,NA,NA,NA,NA,NA,NA,NA,NA,NA,NA,NA,NA,NA,NA,0.00421088091628769,25,9.15850512181477,2.95,1.86,4.09,1.114,9.15850512181477,2.95,2.86,3.02,0.079,9.15850512181477,2.95,1.97,4.04,1.037,0.00308185404339251,25,7.29254265045756,3.15,2.02,4.61,1.297,7.29254265045756,3.15,3.08,3.22,0.071,7.29254265045756,3.15,1.92,4.39,1.234,NA,NA,NA,NA,NA,NA,NA,NA,NA,NA,NA,NA,NA,NA,NA,NA,NA,10,4.52251076246507,2.21,0.89,3.64,1.374,4.52251076246507,2.21,2.15,2.27,0.063,4.52251076246507,2.21,0.88,3.76,1.44
"48",2019,12,2019-12-01,"no covid period",0.0135272235373689,NA,0.0042272573554278,0.00306447658739887,NA,NA,0.0135272235373689,80,17.4472037187266,4.47,3.53,5.43,0.954,17.4472037187266,4.47,4.37,4.55,0.088,17.4472037187266,4.47,3.55,5.33,0.89,NA,NA,NA,NA,NA,NA,NA,NA,NA,NA,NA,NA,NA,NA,NA,NA,NA,0.0042272573554278,25,9.21944642568743,2.71,1.67,3.79,1.061,9.21944642568743,2.71,2.64,2.78,0.072,9.21944642568743,2.71,1.74,3.8,1.03,0.00306447658739887,25,7.74555493351478,3.1,1.92,4.48,1.279,7.74555493351478,3.1,3.02,3.16,0.068,7.74555493351478,3.1,1.93,4.39,1.228,NA,NA,NA,NA,NA,NA,NA,NA,NA,NA,NA,NA,NA,NA,NA,NA,NA,NA,NA,NA,NA,NA,NA,NA,NA,NA,NA,NA,NA,NA,NA,NA,NA
"49",2020,1,2020-01-01,"no covid period",0.0177215189873418,NA,0.00675105485232068,0.00305101293629485,NA,0.00183060776177691,0.0177215189873418,105,17.9640264927514,5.73,4.71,6.86,1.076,17.9640264927514,5.73,5.62,5.83,0.106,17.9640264927514,5.73,4.68,6.74,1.031,NA,NA,NA,NA,NA,NA,NA,NA,NA,NA,NA,NA,NA,NA,NA,NA,NA,0.00675105485232068,40,9.70202715737552,4.33,3.04,5.6,1.283,9.70202715737552,4.33,4.21,4.44,0.116,9.70202715737552,4.33,3.09,5.67,1.288,0.00305101293629485,25,8.04460132906629,3.36,2.09,4.73,1.319,8.04460132906629,3.36,3.27,3.42,0.071,8.04460132906629,3.36,2.11,4.72,1.305,NA,NA,NA,NA,NA,NA,NA,NA,NA,NA,NA,NA,NA,NA,NA,NA,NA,15,4.84790268832777,2.68,1.43,4.1,1.337,4.84790268832777,2.68,2.59,2.74,0.075,4.84790268832777,2.68,1.24,4.33,1.547
"50",2020,2,2020-02-01,"no covid period",0.0143848366897952,NA,0.00676933491284481,0.00243516376476318,NA,NA,0.0143848366897952,85,16.4317210872027,5.23,4.18,6.34,1.079,16.4317210872027,5.23,5.13,5.33,0.101,16.4317210872027,5.23,4.14,6.27,1.065,NA,NA,NA,NA,NA,NA,NA,NA,NA,NA,NA,NA,NA,NA,NA,NA,NA,0.00676933491284481,40,8.81137942908945,4.77,3.27,6.29,1.509,8.81137942908945,4.77,4.64,4.89,0.127,8.81137942908945,4.77,3.4,6.24,1.421,0.00243516376476318,20,7.38287635069659,2.57,1.48,3.7,1.113,7.38287635069659,2.57,2.51,2.62,0.058,7.38287635069659,2.57,1.49,3.66,1.084,NA,NA,NA,NA,NA,NA,NA,NA,NA,NA,NA,NA,NA,NA,NA,NA,NA,NA,NA,NA,NA,NA,NA,NA,NA,NA,NA,NA,NA,NA,NA,NA,NA
"51",2020,3,2020-03-01,"lockdown1",0.0195345676915237,0.00169865806013249,0.00764396127059623,0.00363240101707228,NA,0.00181620050853614,0.0195345676915237,115,20.9849608764733,5.48,4.45,6.53,1.04,20.9849608764733,5.48,5.37,5.57,0.099,20.9849608764733,5.48,4.48,6.43,0.977,0.00169865806013249,10,2.64622214893591,3.78,1.53,6.18,2.325,2.64622214893591,3.78,3.58,3.98,0.199,2.64622214893591,3.78,1.51,6.05,2.267,0.00764396127059623,45,9.40575835742935,4.68,3.37,6.14,1.386,9.40575835742935,4.68,4.54,4.79,0.124,9.40575835742935,4.68,3.3,6.17,1.435,0.00363240101707228,30,9.49822645476585,3.37,2.18,4.62,1.221,9.49822645476585,3.37,3.3,3.43,0.065,9.49822645476585,3.37,2.32,4.63,1.158,NA,NA,NA,NA,NA,NA,NA,NA,NA,NA,NA,NA,NA,NA,NA,NA,NA,15,4.86704161342062,2.88,1.45,4.46,1.505,4.86704161342062,2.88,2.79,2.96,0.08,4.86704161342062,2.88,1.44,4.52,1.541
"52",2020,4,2020-04-01,"lockdown1",0.0162088380822385,0.00597167718819314,0.00426548370585224,0.00424036830627574,0.00181730070268961,0.00121153380179307,0.0162088380822385,95,24.6684822498906,3.93,3.15,4.7,0.777,24.6684822498906,3.93,3.86,3.99,0.063,24.6684822498906,3.93,3.2,4.74,0.771,0.00597167718819314,35,6.92421155079197,5.05,3.52,6.81,1.646,6.92421155079197,5.05,4.89,5.21,0.156,6.92421155079197,5.05,3.47,6.79,1.661,0.00426548370585224,25,8.28762151247675,2.78,1.73,4,1.136,8.28762151247675,2.78,2.7,2.85,0.075,8.28762151247675,2.78,1.69,3.98,1.146,0.00424036830627574,35,10.6007268740282,3.49,2.44,4.69,1.122,10.6007268740282,3.49,3.42,3.55,0.064,10.6007268740282,3.49,2.45,4.62,1.085,0.00181730070268961,15,2.61340011557667,5.74,3.04,8.98,2.968,2.61340011557667,5.74,5.54,5.96,0.212,2.61340011557667,5.74,3.06,8.81,2.875,10,4.43812686735809,2.48,1.14,4.06,1.46,4.43812686735809,2.48,2.4,2.56,0.077,4.43812686735809,2.48,1.13,4.06,1.465
"53",2020,5,2020-05-01,"lockdown1",0.0136355888869951,NA,0.00426112152718596,0.00365764447695684,NA,0.00243842965130456,0.0136355888869951,80,15.5984676319747,5,3.9,6.2,1.15,15.5984676319747,5,4.88,5.09,0.103,15.5984676319747,5,3.97,6.15,1.09,NA,NA,NA,NA,NA,NA,NA,NA,NA,NA,NA,NA,NA,NA,NA,NA,NA,0.00426112152718596,25,7.7994052443287,3.33,2.09,4.67,1.286,7.7994052443287,3.33,3.24,3.43,0.094,7.7994052443287,3.33,2.18,4.62,1.218,0.00365764447695684,30,7.3307904963257,3.96,2.61,5.37,1.38,7.3307904963257,3.96,3.86,4.03,0.086,7.3307904963257,3.96,2.59,5.32,1.364,NA,NA,NA,NA,NA,NA,NA,NA,NA,NA,NA,NA,NA,NA,NA,NA,NA,20,4.20916843778318,4.28,2.38,6.25,1.932,4.20916843778318,4.28,4.15,4.4,0.128,4.20916843778318,4.28,2.38,6.18,1.904
"54",2020,6,2020-06-01,"lockdown1",0.0119250425894378,NA,0.00340715502555366,0.00304915233565069,NA,0.00182949140139041,0.0119250425894378,70,13.9969355609441,5.07,4.01,6.24,1.115,13.9969355609441,5.07,4.96,5.17,0.104,13.9969355609441,5.07,3.79,6.36,1.286,NA,NA,NA,NA,NA,NA,NA,NA,NA,NA,NA,NA,NA,NA,NA,NA,NA,0.00340715502555366,20,7.89921975123493,2.41,1.42,3.55,1.064,7.89921975123493,2.41,2.34,2.47,0.068,7.89921975123493,2.41,1.39,3.54,1.076,0.00304915233565069,25,6.87529637136883,3.35,1.99,4.73,1.371,6.87529637136883,3.35,3.26,3.42,0.08,6.87529637136883,3.35,2.04,4.65,1.309,NA,NA,NA,NA,NA,NA,NA,NA,NA,NA,NA,NA,NA,NA,NA,NA,NA,15,4.34064452708953,2.99,1.39,4.66,1.634,4.34064452708953,2.99,2.9,3.09,0.091,4.34064452708953,2.99,1.61,4.61,1.497
"55",2020,7,2020-07-01,"inter-lockdown",0.0109723160027009,NA,0.00337609723160027,0.00364919109597373,NA,0.00121639703199124,0.0109723160027009,65,14.0566184267758,4.62,3.43,5.78,1.175,14.0566184267758,4.62,4.52,4.71,0.094,14.0566184267758,4.62,3.56,5.76,1.103,NA,NA,NA,NA,NA,NA,NA,NA,NA,NA,NA,NA,NA,NA,NA,NA,NA,0.00337609723160027,20,7.96679057673803,2.38,1.37,3.51,1.07,7.96679057673803,2.38,2.32,2.45,0.065,7.96679057673803,2.38,1.38,3.51,1.067,0.00364919109597373,30,6.86316303228549,4.37,2.86,6.01,1.576,6.86316303228549,4.37,4.26,4.46,0.098,6.86316303228549,4.37,2.91,5.97,1.53,NA,NA,NA,NA,NA,NA,NA,NA,NA,NA,NA,NA,NA,NA,NA,NA,NA,10,4.35535541006248,2.3,0.93,3.78,1.422,4.35535541006248,2.3,2.22,2.36,0.07,4.35535541006248,2.3,0.92,3.68,1.38
"56",2020,8,2020-08-01,"inter-lockdown",0.0134612148746424,NA,0.00504795557799091,0.0024280684715309,NA,0.00182105135364817,0.0134612148746424,80,15.445758702318,5.05,3.96,6.1,1.071,15.445758702318,5.05,4.93,5.14,0.101,15.445758702318,5.05,4.01,6.22,1.101,NA,NA,NA,NA,NA,NA,NA,NA,NA,NA,NA,NA,NA,NA,NA,NA,NA,0.00504795557799091,30,8.32985601783304,3.48,2.26,4.77,1.253,8.32985601783304,3.48,3.39,3.57,0.094,8.32985601783304,3.48,2.28,4.92,1.321,0.0024280684715309,20,7.32684139993331,2.87,1.75,4.15,1.199,7.32684139993331,2.87,2.8,2.93,0.065,7.32684139993331,2.87,1.64,4.23,1.297,NA,NA,NA,NA,NA,NA,NA,NA,NA,NA,NA,NA,NA,NA,NA,NA,NA,15,4.43979569942281,2.93,1.55,4.47,1.462,4.43979569942281,2.93,2.84,3.01,0.086,4.43979569942281,2.93,1.58,4.51,1.467
"57",2020,9,2020-09-01,"inter-lockdown",0.0126518218623482,NA,0.00421727395411606,0.00302260911618909,NA,0.00120904364647564,0.0126518218623482,75,14.6774902017807,5.18,4.02,6.33,1.157,14.6774902017807,5.18,5.06,5.27,0.108,14.6774902017807,5.18,4.09,6.27,1.09,NA,NA,NA,NA,NA,NA,NA,NA,NA,NA,NA,NA,NA,NA,NA,NA,NA,0.00421727395411606,25,7.87979006576847,2.92,1.85,4.17,1.159,7.87979006576847,2.92,2.83,3,0.085,7.87979006576847,2.92,1.9,4.31,1.206,0.00302260911618909,25,7.05089455912349,3.55,2.28,5.02,1.37,7.05089455912349,3.55,3.46,3.62,0.081,7.05089455912349,3.55,2.27,4.96,1.347,NA,NA,NA,NA,NA,NA,NA,NA,NA,NA,NA,NA,NA,NA,NA,NA,NA,10,4.28641903210968,2.8,1.39,4.46,1.538,4.28641903210968,2.8,2.71,2.88,0.086,4.28641903210968,2.8,1.4,4.43,1.516
"58",2020,10,2020-10-01,"lockdown2",0.0185497470489039,0.00421585160202361,0.00505902192242833,0.00361141206211629,NA,NA,0.0185497470489039,110,18.5240953709578,5.88,4.82,6.95,1.069,18.5240953709578,5.88,5.77,5.98,0.105,18.5240953709578,5.88,4.8,6.96,1.08,0.00421585160202361,25,3.04797673745625,7.87,4.65,11.37,3.36,3.04797673745625,7.87,7.51,8.28,0.382,3.04797673745625,7.87,4.59,11.15,3.281,0.00505902192242833,30,8.70675048295735,3.45,2.35,4.75,1.199,8.70675048295735,3.45,3.35,3.53,0.089,8.70675048295735,3.45,2.3,4.71,1.206,0.00361141206211629,30,8.65875719810834,3.46,2.31,4.75,1.221,8.65875719810834,3.46,3.39,3.53,0.07,8.65875719810834,3.46,2.31,4.74,1.213,NA,NA,NA,NA,NA,NA,NA,NA,NA,NA,NA,NA,NA,NA,NA,NA,NA,NA,NA,NA,NA,NA,NA,NA,NA,NA,NA,NA,NA,NA,NA,NA,NA
"59",2020,11,2020-11-01,"lockdown2",0.0186125211505922,0.0050761421319797,0.0050761421319797,0.00480595938964316,0.00180223477111618,NA,0.0186125211505922,110,18.8706636492186,5.88,4.78,7.01,1.114,18.8706636492186,5.88,5.77,5.97,0.103,18.8706636492186,5.88,4.77,6.89,1.06,0.0050761421319797,30,4.49231989925455,6.46,4.2,8.68,2.241,4.49231989925455,6.46,6.22,6.7,0.241,4.49231989925455,6.46,4.23,8.9,2.337,0.0050761421319797,30,8.12876255844003,3.57,2.24,4.97,1.367,8.12876255844003,3.57,3.46,3.66,0.1,8.12876255844003,3.57,2.46,4.8,1.17,0.00480595938964316,40,8.81181707328182,4.54,3.15,5.99,1.418,8.81181707328182,4.54,4.44,4.62,0.093,8.81181707328182,4.54,3.18,6.01,1.419,0.00180223477111618,15,1.66272896159359,10.22,5.59,15.05,4.733,1.66272896159359,10.22,9.74,10.69,0.476,1.66272896159359,10.22,6.01,15.05,4.518,NA,NA,NA,NA,NA,NA,NA,NA,NA,NA,NA,NA,NA,NA,NA,NA
"60",2020,12,2020-12-01,"lockdown2",0.0161016949152542,0.00423728813559322,0.00254237288135593,0.00600384245917387,0.00180115273775216,0.00180115273775216,0.0161016949152542,95,21.1335738549234,4.59,3.74,5.52,0.89,21.1335738549234,4.59,4.5,4.65,0.075,21.1335738549234,4.59,3.6,5.58,0.994,0.00423728813559322,25,5.46820751327181,4.94,3.1,6.88,1.886,5.46820751327181,4.94,4.76,5.11,0.175,5.46820751327181,4.94,2.93,6.95,2.012,0.00254237288135593,15,8.72398891053689,1.95,1.11,2.87,0.88,8.72398891053689,1.95,1.89,2,0.053,8.72398891053689,1.95,1.03,2.98,0.974,0.00600384245917387,50,9.71170108630489,5.15,3.84,6.58,1.368,9.71170108630489,5.15,5.04,5.24,0.102,9.71170108630489,5.15,3.81,6.69,1.442,0.00180115273775216,15,2.015031061238,6.45,3.33,10.21,3.438,2.015031061238,6.45,6.19,6.72,0.263,2.015031061238,6.45,2.98,10.42,3.722,15,4.74436272160995,3.58,1.92,5.46,1.774,4.74436272160995,3.58,3.47,3.68,0.105,4.74436272160995,3.58,1.9,5.48,1.792
"61",2021,1,2021-01-01,"lockdown2",0.0161044244787252,0.00339040515341583,0.00508560773012375,0.00480653689017063,0.00180245133381399,0.00180245133381399,0.0161044244787252,95,22.1707601240328,4.19,3.4,5.05,0.824,22.1707601240328,4.19,4.12,4.26,0.072,22.1707601240328,4.19,3.34,5.05,0.857,0.00339040515341583,20,6.30231135439955,3.01,1.77,4.44,1.335,6.30231135439955,3.01,2.92,3.1,0.091,6.30231135439955,3.01,1.75,4.44,1.349,0.00508560773012375,30,8.78476578611739,3.64,2.48,5,1.26,8.78476578611739,3.64,3.54,3.72,0.091,8.78476578611739,3.64,2.5,4.89,1.195,0.00480653689017063,40,10.1582764179466,4.04,2.82,5.27,1.227,10.1582764179466,4.04,3.95,4.11,0.077,10.1582764179466,4.04,2.76,5.32,1.28,0.00180245133381399,15,2.32775977894495,6.44,3.39,9.92,3.268,2.32775977894495,6.44,6.19,6.69,0.251,2.32775977894495,6.44,3.44,9.88,3.222,15,4.84382175756436,3.3,1.84,4.92,1.542,4.84382175756436,3.3,3.21,3.39,0.092,4.84382175756436,3.3,1.86,4.95,1.548
"62",2021,2,2021-02-01,"lockdown2",0.0169750466813784,0.00424376167034459,0.00509251400441351,0.00360273808094152,0.00120091269364717,0.00120091269364717,0.0169750466813784,100,17.2856277450141,5.9,4.76,7.02,1.129,17.2856277450141,5.9,5.77,6,0.116,17.2856277450141,5.9,4.69,7,1.157,0.00424376167034459,25,3.50289148406435,6.57,4.04,9.17,2.563,3.50289148406435,6.57,6.28,6.86,0.287,3.50289148406435,6.57,4,9.42,2.712,0.00509251400441351,30,7.67901732307731,3.91,2.58,5.36,1.389,7.67901732307731,3.91,3.79,4.01,0.11,7.67901732307731,3.91,2.6,5.34,1.367,0.00360273808094152,30,8.32361676744729,3.84,2.57,5.21,1.32,8.32361676744729,3.84,3.76,3.92,0.082,8.32361676744729,3.84,2.52,5.17,1.322,0.00120091269364717,10,1.36480203678369,8.06,3.65,13.29,4.818,1.36480203678369,8.06,7.64,8.48,0.422,1.36480203678369,8.06,3.66,13.19,4.763,10,4.33246748604155,2.31,1.14,3.8,1.331,4.33246748604155,2.31,2.24,2.38,0.069,4.33246748604155,2.31,0.92,3.69,1.385
"63",2021,3,2021-03-01,"lockdown2",0.0135616206136633,0.00169520257670792,0.00423800644176979,0.0042036992553447,NA,0.00120105693009849,0.0135616206136633,80,16.8046857251811,4.88,3.87,5.91,1.019,16.8046857251811,4.88,4.78,4.96,0.094,16.8046857251811,4.88,3.75,5.89,1.071,0.00169520257670792,10,2.17848068737268,4.59,2.24,7.77,2.765,2.17848068737268,4.59,4.33,4.83,0.25,2.17848068737268,4.59,1.84,7.34,2.754,0.00423800644176979,25,8.3081200264878,3.25,2.06,4.57,1.254,8.3081200264878,3.25,3.16,3.34,0.09,8.3081200264878,3.25,2.05,4.46,1.205,0.0042036992553447,35,8.55629064216454,4.21,2.97,5.67,1.348,8.55629064216454,4.21,4.11,4.3,0.095,8.55629064216454,4.21,2.92,5.61,1.346,NA,NA,NA,NA,NA,NA,NA,NA,NA,NA,NA,NA,NA,NA,NA,NA,NA,10,4.65201931018765,2.36,1.07,3.83,1.382,4.65201931018765,2.36,2.28,2.43,0.07,4.65201931018765,2.36,1.07,3.87,1.397
"64",2021,4,2021-04-01,"lockdown2",0.0135043889264011,NA,0.00422012153950034,0.00600744923705395,0.00180223477111618,0.00180223477111618,0.0135043889264011,80,16.2075598394995,4.81,3.78,5.97,1.095,16.2075598394995,4.81,4.71,4.89,0.088,16.2075598394995,4.81,3.76,5.86,1.049,NA,NA,NA,NA,NA,NA,NA,NA,NA,NA,NA,NA,NA,NA,NA,NA,NA,0.00422012153950034,25,8.15550264047303,3.31,2.2,4.6,1.2,8.15550264047303,3.31,3.22,3.4,0.093,8.15550264047303,3.31,2.08,4.66,1.287,0.00600744923705395,50,8.55322777517501,5.61,4.11,7.2,1.547,8.55322777517501,5.61,5.48,5.72,0.117,8.55322777517501,5.61,4.09,7.01,1.461,0.00180223477111618,15,1.10918873717283,14.42,8.15,22.34,7.096,1.10918873717283,14.42,13.53,15.22,0.843,1.10918873717283,14.42,7.21,21.64,7.212,15,4.66201896109014,3.43,1.73,5,1.639,4.66201896109014,3.43,3.33,3.53,0.1,4.66201896109014,3.43,1.93,5.15,1.609
"65",2021,5,2021-05-01,"after vacc & delta",0.012569130216189,NA,0.00335176805765041,0.00421635947476208,NA,0.00180701120346946,0.012569130216189,75,15.5056802989112,4.77,3.67,5.81,1.072,15.5056802989112,4.77,4.67,4.86,0.091,15.5056802989112,4.77,3.68,5.93,1.129,NA,NA,NA,NA,NA,NA,NA,NA,NA,NA,NA,NA,NA,NA,NA,NA,NA,0.00335176805765041,20,8.03732433333966,2.74,1.63,3.94,1.155,8.03732433333966,2.74,2.66,2.81,0.073,8.03732433333966,2.74,1.62,3.98,1.182,0.00421635947476208,35,8.25269633376763,4.24,2.88,5.83,1.477,8.25269633376763,4.24,4.14,4.33,0.094,8.25269633376763,4.24,2.91,5.57,1.334,NA,NA,NA,NA,NA,NA,NA,NA,NA,NA,NA,NA,NA,NA,NA,NA,NA,15,4.58482426020833,2.84,1.33,4.49,1.579,4.58482426020833,2.84,2.75,2.91,0.083,4.58482426020833,2.84,1.31,4.58,1.636
"66",2021,6,2021-06-01,"after vacc & delta",0.0117213663764233,NA,0.00334896182183523,0.00361097737120847,NA,0.00180548868560424,0.0117213663764233,70,14.5479602362547,4.81,3.73,5.96,1.116,14.5479602362547,4.81,4.71,4.9,0.093,14.5479602362547,4.81,3.64,5.98,1.169,NA,NA,NA,NA,NA,NA,NA,NA,NA,NA,NA,NA,NA,NA,NA,NA,NA,0.00334896182183523,20,7.87780431731711,2.79,1.73,4.11,1.194,7.87780431731711,2.79,2.71,2.87,0.078,7.87780431731711,2.79,1.65,4.06,1.206,0.00361097737120847,30,7.4545107278757,3.89,2.44,5.45,1.507,7.4545107278757,3.89,3.8,3.96,0.082,7.4545107278757,3.89,2.55,5.37,1.409,NA,NA,NA,NA,NA,NA,NA,NA,NA,NA,NA,NA,NA,NA,NA,NA,NA,15,4.43705972396674,2.93,1.57,4.66,1.543,4.43705972396674,2.93,2.84,3.02,0.092,4.43705972396674,2.93,1.35,4.73,1.69
"67",2021,7,2021-07-01,"after vacc & delta",0.0141383898868929,NA,0.00499001996007984,0.00419916016796641,NA,0.0017996400719856,0.0141383898868929,85,14.9510425762387,5.75,4.54,7.01,1.235,14.9510425762387,5.75,5.62,5.86,0.117,14.9510425762387,5.75,4.62,6.96,1.17,NA,NA,NA,NA,NA,NA,NA,NA,NA,NA,NA,NA,NA,NA,NA,NA,NA,0.00499001996007984,30,8.18047342270754,3.42,2.29,4.83,1.273,8.18047342270754,3.42,3.33,3.51,0.091,8.18047342270754,3.42,2.2,4.65,1.222,0.00419916016796641,35,7.65692588440639,4.44,3.08,6,1.46,7.65692588440639,4.44,4.33,4.52,0.095,7.65692588440639,4.44,3,6.01,1.504,NA,NA,NA,NA,NA,NA,NA,NA,NA,NA,NA,NA,NA,NA,NA,NA,NA,15,4.62090804881067,3.25,1.73,4.9,1.586,4.62090804881067,3.25,3.15,3.34,0.095,4.62090804881067,3.25,1.73,4.98,1.623
"68",2021,8,2021-08-01,"after vacc & delta",0.012497917013831,NA,0.00499916680553241,0.00359281437125748,NA,0.00179640718562874,0.012497917013831,75,15.1707571917229,4.88,3.83,6,1.082,15.1707571917229,4.88,4.78,4.96,0.091,15.1707571917229,4.88,3.76,6,1.121,NA,NA,NA,NA,NA,NA,NA,NA,NA,NA,NA,NA,NA,NA,NA,NA,NA,0.00499916680553241,30,7.90827921676628,3.54,2.26,4.92,1.329,7.90827921676628,3.54,3.44,3.63,0.091,7.90827921676628,3.54,2.28,4.81,1.264,0.00359281437125748,30,7.76467960337584,4.12,2.72,5.48,1.381,7.76467960337584,4.12,4.02,4.2,0.09,7.76467960337584,4.12,2.7,5.67,1.481,NA,NA,NA,NA,NA,NA,NA,NA,NA,NA,NA,NA,NA,NA,NA,NA,NA,15,4.49376553221651,3.78,2.21,5.82,1.808,4.49376553221651,3.78,3.66,3.88,0.111,4.49376553221651,3.78,2.23,5.79,1.78
"69",2021,9,2021-09-01,"after vacc & delta",0.0158703641830939,NA,0.00501169395255596,0.0041821006093918,NA,0.00179232883259649,0.0158703641830939,95,15.0086732012217,6.33,5.03,7.51,1.239,15.0086732012217,6.33,6.19,6.44,0.126,15.0086732012217,6.33,5.13,7.6,1.233,NA,NA,NA,NA,NA,NA,NA,NA,NA,NA,NA,NA,NA,NA,NA,NA,NA,0.00501169395255596,30,7.90417179999522,3.92,2.66,5.35,1.345,7.90417179999522,3.92,3.81,4.01,0.102,7.90417179999522,3.92,2.53,5.31,1.392,0.0041821006093918,35,7.75033504186901,4.64,3.29,6.25,1.477,7.75033504186901,4.64,4.54,4.74,0.102,7.75033504186901,4.64,3.22,6.19,1.485,NA,NA,NA,NA,NA,NA,NA,NA,NA,NA,NA,NA,NA,NA,NA,NA,NA,15,4.54408635527267,3.08,1.57,4.76,1.592,4.54408635527267,3.08,2.99,3.16,0.086,4.54408635527267,3.08,1.54,4.84,1.65
"70",2021,10,2021-10-01,"after vacc & delta",0.0125923438549362,NA,0.00503693754197448,0.00596516344547841,0.00119303268909568,0.00238606537819136,0.0125923438549362,75,16.9135285729689,4.38,3.39,5.35,0.983,16.9135285729689,4.38,4.29,4.45,0.08,16.9135285729689,4.38,3.43,5.38,0.976,NA,NA,NA,NA,NA,NA,NA,NA,NA,NA,NA,NA,NA,NA,NA,NA,NA,0.00503693754197448,30,8.58042956318537,3.5,2.33,4.76,1.215,8.58042956318537,3.5,3.4,3.58,0.09,8.58042956318537,3.5,2.33,4.78,1.224,0.00596516344547841,50,8.50797026930593,5.88,4.37,7.57,1.601,8.50797026930593,5.88,5.74,5.98,0.121,8.50797026930593,5.88,4.23,7.52,1.646,0.00119303268909568,10,0.350446727494336,28.54,12.99,47.55,17.283,0.350446727494336,28.54,25.84,31.42,2.793,0.350446727494336,28.54,11.41,48.51,18.548,20,4.84810842120498,4.54,2.68,6.21,1.764,4.84810842120498,4.54,4.4,4.66,0.128,4.84810842120498,4.54,2.68,6.6,1.96
"71",2021,11,2021-11-01,"after vacc & delta",0.0168690958164642,0.00253036437246964,0.00590418353576248,0.00536097212294496,0.00178699070764832,0.00178699070764832,0.0168690958164642,100,20.3978318480834,4.9,3.98,5.88,0.952,20.3978318480834,4.9,4.81,4.98,0.084,20.3978318480834,4.9,4.02,5.88,0.932,0.00253036437246964,15,4.30611938672294,3.02,1.59,4.86,1.633,4.30611938672294,3.02,2.91,3.14,0.112,4.30611938672294,3.02,1.63,4.88,1.626,0.00590418353576248,35,8.47179782657792,3.9,2.62,5.2,1.292,8.47179782657792,3.9,3.8,3.99,0.096,8.47179782657792,3.9,2.71,5.19,1.239,0.00536097212294496,45,9.84491672882509,4.67,3.3,6.04,1.37,9.84491672882509,4.67,4.57,4.76,0.093,9.84491672882509,4.67,3.35,5.89,1.271,0.00178699070764832,15,1.6528325792278,9.08,4.72,13.87,4.576,1.6528325792278,9.08,8.66,9.46,0.403,1.6528325792278,9.08,4.84,13.92,4.538,15,4.79613030817341,3.13,1.48,4.74,1.629,4.79613030817341,3.13,3.03,3.22,0.092,4.79613030817341,3.13,1.46,5,1.772
"72",2021,12,2021-12-01,"after vacc & delta",0.0144385935111262,0.00169865806013249,0.00594530321046373,0.00772154906153481,0.00296982656212877,0.00178189593727726,0.0144385935111262,85,21.8130687781715,3.85,3.02,4.6,0.788,21.8130687781715,3.85,3.78,3.91,0.067,21.8130687781715,3.85,3.03,4.68,0.825,0.00169865806013249,10,4.66464555251466,2.14,0.86,3.52,1.33,4.66464555251466,2.14,2.07,2.22,0.078,4.66464555251466,2.14,0.86,3.64,1.393,0.00594530321046373,35,8.96287445008123,3.79,2.66,5.11,1.224,8.96287445008123,3.79,3.69,3.89,0.103,8.96287445008123,3.79,2.57,5.02,1.227,0.00772154906153481,65,10.494391736356,6.29,4.88,7.8,1.46,10.494391736356,6.29,6.16,6.39,0.117,10.494391736356,6.29,4.76,7.72,1.477,0.00296982656212877,25,1.91379554410788,14.11,9.34,19.33,4.993,1.91379554410788,14.11,13.46,14.72,0.632,1.91379554410788,14.11,8.87,19.33,5.232,15,5.00890629026236,2.8,1.4,4.39,1.493,5.00890629026236,2.8,2.72,2.87,0.078,5.00890629026236,2.8,1.4,4.2,1.4
"73",2022,1,2022-01-01,"omicron",0.015205271160669,NA,0.00506842372022301,0.00534378339864624,NA,0.00237501484384277,0.015205271160669,90,17.2559839279033,5.27,4.22,6.43,1.102,17.2559839279033,5.27,5.17,5.36,0.098,17.2559839279033,5.27,4.23,6.26,1.014,NA,NA,NA,NA,NA,NA,NA,NA,NA,NA,NA,NA,NA,NA,NA,NA,NA,0.00506842372022301,30,8.59595223723299,3.72,2.55,5.07,1.26,8.59595223723299,3.72,3.62,3.82,0.099,8.59595223723299,3.72,2.56,5,1.222,0.00534378339864624,45,8.81520901782508,4.99,3.51,6.52,1.509,8.81520901782508,4.99,4.88,5.08,0.102,8.81520901782508,4.99,3.52,6.58,1.531,NA,NA,NA,NA,NA,NA,NA,NA,NA,NA,NA,NA,NA,NA,NA,NA,NA,20,4.81840243122412,4.15,2.31,5.94,1.812,4.81840243122412,4.15,4.03,4.26,0.118,4.81840243122412,4.15,2.28,6.02,1.868
"74",2022,2,2022-02-01,"omicron",0.0151184276835209,NA,0.00503947589450697,0.00474777448071217,0.00118694362017804,0.00118694362017804,0.0151184276835209,90,15.9624981961378,5.64,4.6,6.81,1.109,15.9624981961378,5.64,5.52,5.74,0.113,15.9624981961378,5.64,4.51,6.64,1.065,NA,NA,NA,NA,NA,NA,NA,NA,NA,NA,NA,NA,NA,NA,NA,NA,NA,0.00503947589450697,30,7.92237834751426,3.91,2.54,5.32,1.39,7.92237834751426,3.91,3.8,4.02,0.11,7.92237834751426,3.91,2.52,5.3,1.388,0.00474777448071217,40,7.99582486296617,5.13,3.72,6.7,1.495,7.99582486296617,5.13,5.01,5.23,0.113,7.99582486296617,5.13,3.75,6.63,1.438,0.00118694362017804,10,0.578773612031004,20.73,10.31,32.59,11.138,0.578773612031004,20.73,19.19,22.28,1.541,0.578773612031004,20.73,10.37,32.83,11.231,10,4.48726494729894,2.45,1.11,4.02,1.458,4.48726494729894,2.45,2.38,2.52,0.07,4.48726494729894,2.45,1.11,4.01,1.449
"75",2022,3,2022-03-01,"omicron",0.0168947457340767,NA,0.00506842372022301,0.00711153253526135,0.00296313855635889,0.00237051084508712,0.0168947457340767,100,18.3637891739471,5.34,4.29,6.35,1.03,18.3637891739471,5.34,5.23,5.43,0.099,18.3637891739471,5.34,4.3,6.37,1.035,NA,NA,NA,NA,NA,NA,NA,NA,NA,NA,NA,NA,NA,NA,NA,NA,NA,0.00506842372022301,30,8.76380004856978,3.42,2.3,4.72,1.211,8.76380004856978,3.42,3.33,3.51,0.09,8.76380004856978,3.42,2.28,4.68,1.2,0.00711153253526135,60,9.25294263540759,6.38,4.87,8.13,1.626,9.25294263540759,6.38,6.23,6.49,0.131,9.25294263540759,6.38,4.76,8,1.621,0.00296313855635889,25,0.804574726150345,29.83,18.69,43.5,12.406,0.804574726150345,29.83,27.78,31.73,1.973,0.804574726150345,29.83,18.64,42.29,11.823,20,5.04043737274465,3.77,2.16,5.41,1.627,5.04043737274465,3.77,3.66,3.86,0.103,5.04043737274465,3.77,2.18,5.56,1.686
"76",2022,4,2022-04-01,"omicron",0.0152027027027027,NA,0.00422297297297297,0.00533491404860699,0.001185536455246,0.001778304682869,0.0152027027027027,90,16.9994546249154,5.18,4.17,6.34,1.085,16.9994546249154,5.18,5.07,5.26,0.097,16.9994546249154,5.18,4.12,6.24,1.059,NA,NA,NA,NA,NA,NA,NA,NA,NA,NA,NA,NA,NA,NA,NA,NA,NA,0.00422297297297297,25,8.16773109342706,2.94,1.84,4.18,1.171,8.16773109342706,2.94,2.86,3.01,0.075,8.16773109342706,2.94,1.83,4.16,1.165,0.00533491404860699,45,8.44706804403987,5.21,3.64,6.8,1.579,8.44706804403987,5.21,5.09,5.3,0.105,8.44706804403987,5.21,3.67,6.87,1.598,0.001185536455246,10,0.475162319846358,23.15,10.83,38.26,13.713,0.475162319846358,23.15,21.38,25.1,1.859,0.475162319846358,23.15,10.52,37.88,13.68,15,4.64285577185066,3.02,1.54,4.58,1.522,4.64285577185066,3.02,2.92,3.09,0.083,4.64285577185066,3.02,1.51,4.74,1.615
"77",2022,5,2022-05-01,"omicron",0.0118664180369554,NA,0.00339040515341583,0.00415036167437448,NA,0.00177872643187478,0.0118664180369554,70,15.4456873242278,4.66,3.63,5.79,1.082,15.4456873242278,4.66,4.57,4.75,0.091,15.4456873242278,4.66,3.63,5.7,1.036,NA,NA,NA,NA,NA,NA,NA,NA,NA,NA,NA,NA,NA,NA,NA,NA,NA,0.00339040515341583,20,8.01182625235623,2.37,1.39,3.51,1.061,8.01182625235623,2.37,2.3,2.43,0.063,8.01182625235623,2.37,1.37,3.37,0.999,0.00415036167437448,35,8.05592999562186,4.47,3.09,5.9,1.406,8.05592999562186,4.47,4.36,4.55,0.094,8.05592999562186,4.47,3.1,5.96,1.428,NA,NA,NA,NA,NA,NA,NA,NA,NA,NA,NA,NA,NA,NA,NA,NA,NA,15,4.64276863287762,3.45,1.75,5.38,1.814,4.64276863287762,3.45,3.34,3.53,0.097,4.64276863287762,3.45,1.94,5.17,1.615
"78",2022,6,2022-06-01,"omicron",0.0118423278633057,NA,0.00338352224665877,0.00354442344045369,NA,0.00118147448015123,0.0118423278633057,70,14.9362846092944,4.69,3.52,5.71,1.095,14.9362846092944,4.69,4.59,4.77,0.091,14.9362846092944,4.69,3.62,5.69,1.038,NA,NA,NA,NA,NA,NA,NA,NA,NA,NA,NA,NA,NA,NA,NA,NA,NA,0.00338352224665877,20,7.8103356155609,2.69,1.65,3.97,1.162,7.8103356155609,2.69,2.61,2.76,0.073,7.8103356155609,2.69,1.66,3.84,1.088,0.00354442344045369,30,7.84561751574496,3.82,2.56,5.33,1.388,7.84561751574496,3.82,3.74,3.9,0.081,7.84561751574496,3.82,2.55,5.23,1.338,NA,NA,NA,NA,NA,NA,NA,NA,NA,NA,NA,NA,NA,NA,NA,NA,NA,10,4.54971646672197,2.64,1.31,4.12,1.402,4.54971646672197,2.64,2.56,2.71,0.074,4.54971646672197,2.64,1.1,4.4,1.648
"79",2022,7,2022-07-01,"omicron",0.0135800373451027,NA,0.00509251400441351,0.00353898784947505,NA,0.00176949392473753,0.0135800373451027,80,15.5746042448828,5.26,4.16,6.42,1.132,15.5746042448828,5.26,5.16,5.35,0.098,15.5746042448828,5.26,4.11,6.42,1.156,NA,NA,NA,NA,NA,NA,NA,NA,NA,NA,NA,NA,NA,NA,NA,NA,NA,0.00509251400441351,30,7.61850597925323,3.81,2.47,5.18,1.358,7.61850597925323,3.81,3.69,3.9,0.105,7.61850597925323,3.81,2.49,5.12,1.313,0.00353898784947505,30,8.04350635465698,3.98,2.64,5.4,1.377,8.04350635465698,3.98,3.88,4.05,0.085,8.04350635465698,3.98,2.61,5.35,1.368,NA,NA,NA,NA,NA,NA,NA,NA,NA,NA,NA,NA,NA,NA,NA,NA,NA,15,4.52958497610448,2.87,1.55,4.56,1.506,4.52958497610448,2.87,2.79,2.95,0.081,4.52958497610448,2.87,1.32,4.42,1.545
"80",2022,8,2022-08-01,"omicron",0.0144067796610169,NA,0.00508474576271186,0.00353481795687522,NA,0.00117827265229174,0.0144067796610169,85,15.1273787971126,5.75,4.62,6.92,1.147,15.1273787971126,5.75,5.62,5.84,0.111,15.1273787971126,5.75,4.56,6.88,1.158,NA,NA,NA,NA,NA,NA,NA,NA,NA,NA,NA,NA,NA,NA,NA,NA,NA,0.00508474576271186,30,7.76647804426441,3.99,2.61,5.39,1.387,7.76647804426441,3.99,3.87,4.1,0.113,7.76647804426441,3.99,2.58,5.41,1.416,0.00353481795687522,30,7.95195282080985,3.77,2.51,5.17,1.327,7.95195282080985,3.77,3.68,3.85,0.081,7.95195282080985,3.77,2.52,5.16,1.32,NA,NA,NA,NA,NA,NA,NA,NA,NA,NA,NA,NA,NA,NA,NA,NA,NA,10,4.63549100419836,2.16,0.88,3.48,1.301,4.63549100419836,2.16,2.1,2.22,0.06,4.63549100419836,2.16,1.08,3.67,1.294
"81",2022,9,2022-09-01,"omicron",0.0145051194539249,NA,0.00597269624573379,0.00235045246209895,NA,0.00176283934657422,0.0145051194539249,85,14.4116185541012,5.9,4.61,7.19,1.287,14.4116185541012,5.9,5.77,6,0.116,14.4116185541012,5.9,4.72,7.15,1.214,NA,NA,NA,NA,NA,NA,NA,NA,NA,NA,NA,NA,NA,NA,NA,NA,NA,0.00597269624573379,35,7.5276039367516,4.38,2.93,5.93,1.502,7.5276039367516,4.38,4.25,4.49,0.118,7.5276039367516,4.38,2.92,6.11,1.594,0.00235045246209895,20,7.75110843769327,2.84,1.67,4.09,1.213,7.75110843769327,2.84,2.77,2.89,0.06,7.75110843769327,2.84,1.68,4.13,1.226,NA,NA,NA,NA,NA,NA,NA,NA,NA,NA,NA,NA,NA,NA,NA,NA,NA,15,4.50378305839902,2.89,1.5,4.5,1.504,4.50378305839902,2.89,2.8,2.96,0.083,4.50378305839902,2.89,1.55,4.44,1.443
"82",2022,10,2022-10-01,"omicron",0.015405682985279,NA,0.00513522766175967,0.00410557184750733,NA,0.00175953079178886,0.015405682985279,90,16.5857053290332,5.43,4.28,6.52,1.122,16.5857053290332,5.43,5.32,5.52,0.102,16.5857053290332,5.43,4.34,6.51,1.085,NA,NA,NA,NA,NA,NA,NA,NA,NA,NA,NA,NA,NA,NA,NA,NA,NA,0.00513522766175967,30,8.15894797722482,3.92,2.67,5.31,1.317,8.15894797722482,3.92,3.81,4.02,0.107,8.15894797722482,3.92,2.57,5.27,1.348,0.00410557184750733,35,8.70237300158017,4.02,2.65,5.34,1.342,8.70237300158017,4.02,3.93,4.1,0.083,8.70237300158017,4.02,2.87,5.29,1.207,NA,NA,NA,NA,NA,NA,NA,NA,NA,NA,NA,NA,NA,NA,NA,NA,NA,15,4.81603107516375,2.7,1.26,4.14,1.442,4.81603107516375,2.7,2.62,2.77,0.074,4.81603107516375,2.7,1.25,4.15,1.453
"83",2022,11,2022-11-01,"omicron",0.0129444252675181,NA,0.00431480842250604,0.00291783380018674,NA,0.0011671335200747,0.0129444252675181,75,15.5587356429473,4.76,3.68,5.9,1.111,15.5587356429473,4.76,4.66,4.84,0.092,15.5587356429473,4.76,3.73,5.78,1.028,NA,NA,NA,NA,NA,NA,NA,NA,NA,NA,NA,NA,NA,NA,NA,NA,NA,0.00431480842250604,25,8.06997448056012,2.97,1.85,4.11,1.133,8.06997448056012,2.97,2.89,3.04,0.076,8.06997448056012,2.97,1.86,4.21,1.177,0.00291783380018674,25,8.40239076514011,3.21,2.05,4.54,1.246,8.40239076514011,3.21,3.14,3.28,0.066,8.40239076514011,3.21,2.02,4.4,1.19,NA,NA,NA,NA,NA,NA,NA,NA,NA,NA,NA,NA,NA,NA,NA,NA,NA,10,4.79508582988387,2.09,0.84,3.33,1.243,4.79508582988387,2.09,2.03,2.14,0.058,4.79508582988387,2.09,1.04,3.34,1.147
"84",2022,12,2022-12-01,"omicron",0.0147084270635058,NA,0.00519120955182558,0.00464900046490005,NA,0.00232450023245002,0.0147084270635058,85,19.5953824636613,4.29,3.36,5.26,0.951,19.5953824636613,4.29,4.21,4.35,0.071,19.5953824636613,4.29,3.37,5.15,0.893,NA,NA,NA,NA,NA,NA,NA,NA,NA,NA,NA,NA,NA,NA,NA,NA,NA,0.00519120955182558,30,9.29806921346009,3.12,2.01,4.23,1.111,9.29806921346009,3.12,3.04,3.19,0.074,9.29806921346009,3.12,2.04,4.3,1.129,0.00464900046490005,40,10.2964456700331,4.08,2.92,5.23,1.153,10.2964456700331,4.08,3.98,4.15,0.082,10.2964456700331,4.08,2.82,5.25,1.215,NA,NA,NA,NA,NA,NA,NA,NA,NA,NA,NA,NA,NA,NA,NA,NA,NA,20,5.44601035862961,4.04,2.37,5.71,1.669,5.44601035862961,4.04,3.91,4.12,0.103,5.44601035862961,4.04,2.57,5.69,1.561
"85",2023,1,2023-01-01,"no covid period",0.0172146668961956,NA,0.00516440006885867,0.004062681369704,NA,0.00174114915844457,0.0172146668961956,100,18.5484253734262,5.5,4.47,6.56,1.043,18.5484253734262,5.5,5.39,5.59,0.101,18.5484253734262,5.5,4.42,6.58,1.078,NA,NA,NA,NA,NA,NA,NA,NA,NA,NA,NA,NA,NA,NA,NA,NA,NA,0.00516440006885867,30,8.59628099633773,3.61,2.35,4.87,1.257,8.59628099633773,3.61,3.51,3.69,0.091,8.59628099633773,3.61,2.44,4.89,1.221,0.004062681369704,35,9.9399619961184,3.52,2.46,4.74,1.14,9.9399619961184,3.52,3.44,3.58,0.067,9.9399619961184,3.52,2.41,4.73,1.157,NA,NA,NA,NA,NA,NA,NA,NA,NA,NA,NA,NA,NA,NA,NA,NA,NA,15,5.16578984716307,2.9,1.56,4.42,1.427,5.16578984716307,2.9,2.82,2.98,0.082,5.16578984716307,2.9,1.55,4.45,1.452
"86",2023,2,2023-02-01,"no covid period",0.0146249139710943,NA,0.00430144528561597,0.00347785763969395,NA,0.00173892881984697,0.0146249139710943,85,15.5967588098388,5.32,4.2,6.42,1.109,15.5967588098388,5.32,5.21,5.41,0.099,15.5967588098388,5.32,4.17,6.48,1.154,NA,NA,NA,NA,NA,NA,NA,NA,NA,NA,NA,NA,NA,NA,NA,NA,NA,0.00430144528561597,25,7.72219134962275,3.11,2.02,4.41,1.194,7.72219134962275,3.11,3.02,3.19,0.083,7.72219134962275,3.11,1.94,4.4,1.23,0.00347785763969395,30,8.42332672211646,3.68,2.37,5.05,1.337,8.42332672211646,3.68,3.6,3.75,0.075,8.42332672211646,3.68,2.37,4.99,1.306,NA,NA,NA,NA,NA,NA,NA,NA,NA,NA,NA,NA,NA,NA,NA,NA,NA,15,4.67217305426832,3,1.5,4.57,1.536,4.67217305426832,3,2.91,3.08,0.083,4.67217305426832,3,1.5,4.71,1.605
"87",2023,3,2023-03-01,"no covid period",0.0181755236281807,NA,0.0069240090012117,0.00461307807634644,NA,0.00230653903817322,0.0181755236281807,105,17.9255609512224,5.86,4.74,6.92,1.088,17.9255609512224,5.86,5.74,5.95,0.104,17.9255609512224,5.86,4.8,6.97,1.088,NA,NA,NA,NA,NA,NA,NA,NA,NA,NA,NA,NA,NA,NA,NA,NA,NA,0.0069240090012117,40,8.67436640323594,4.61,3.23,6.16,1.464,8.67436640323594,4.61,4.5,4.73,0.113,8.67436640323594,4.61,3.23,6.23,1.499,0.00461307807634644,40,9.5577668767495,4.19,2.9,5.59,1.345,9.5577668767495,4.19,4.09,4.26,0.081,9.5577668767495,4.19,3.03,5.55,1.256,NA,NA,NA,NA,NA,NA,NA,NA,NA,NA,NA,NA,NA,NA,NA,NA,NA,20,5.19829470567255,3.46,2.08,5.07,1.492,5.19829470567255,3.46,3.36,3.55,0.096,5.19829470567255,3.46,1.92,5.01,1.541
"88",2023,4,2023-04-01,"no covid period",0.0113260149851891,NA,0.00348492768775048,0.00460087416609156,NA,0.00172532781228433,0.0113260149851891,65,14.5635408938758,4.39,3.33,5.5,1.083,14.5635408938758,4.39,4.3,4.47,0.084,14.5635408938758,4.39,3.29,5.49,1.099,NA,NA,NA,NA,NA,NA,NA,NA,NA,NA,NA,NA,NA,NA,NA,NA,NA,0.00348492768775048,20,7.42319795820284,2.69,1.63,4,1.186,7.42319795820284,2.69,2.62,2.76,0.068,7.42319795820284,2.69,1.62,3.91,1.145,0.00460087416609156,40,8.07960705510263,4.95,3.43,6.43,1.5,8.07960705510263,4.95,4.84,5.04,0.101,8.07960705510263,4.95,3.59,6.44,1.423,NA,NA,NA,NA,NA,NA,NA,NA,NA,NA,NA,NA,NA,NA,NA,NA,NA,15,4.60657143891315,2.82,1.49,4.42,1.463,4.60657143891315,2.82,2.73,2.9,0.083,4.60657143891315,2.82,1.52,4.34,1.411
"89",2023,5,2023-05-01,"no covid period",0.0104257167680278,NA,0.00347523892267593,0.00287092328892972,NA,0.00114836931557189,0.0104257167680278,60,14.3963552249151,4.24,3.21,5.25,1.019,14.3963552249151,4.24,4.15,4.31,0.081,14.3963552249151,4.24,3.2,5.28,1.042,NA,NA,NA,NA,NA,NA,NA,NA,NA,NA,NA,NA,NA,NA,NA,NA,NA,0.00347523892267593,20,7.52220478593863,2.79,1.7,4.05,1.171,7.52220478593863,2.79,2.71,2.86,0.074,7.52220478593863,2.79,1.6,3.99,1.196,0.00287092328892972,25,8.04864272483568,3.35,2.19,4.78,1.293,8.04864272483568,3.35,3.28,3.42,0.07,8.04864272483568,3.35,2.11,4.72,1.305,NA,NA,NA,NA,NA,NA,NA,NA,NA,NA,NA,NA,NA,NA,NA,NA,NA,10,4.66573857298192,2.57,1.26,4.2,1.469,4.66573857298192,2.57,2.49,2.64,0.072,4.66573857298192,2.57,1.29,4.07,1.393
"90",2023,6,2023-06-01,"no covid period",0.0130366765166,NA,0.00521467060664001,0.00285943040146403,NA,0.00114377216058561,0.0130366765166,75,14.2160281742965,5.14,4.01,6.21,1.102,14.2160281742965,5.14,5.03,5.22,0.096,14.2160281742965,5.14,4.01,6.26,1.125,NA,NA,NA,NA,NA,NA,NA,NA,NA,NA,NA,NA,NA,NA,NA,NA,NA,0.00521467060664001,30,7.35942758515994,4.08,2.73,5.58,1.425,7.35942758515994,4.08,3.96,4.18,0.109,7.35942758515994,4.08,2.72,5.57,1.427,0.00285943040146403,25,8.00459015094616,2.87,1.86,4.14,1.141,8.00459015094616,2.87,2.8,2.93,0.064,8.00459015094616,2.87,1.62,4.12,1.249,NA,NA,NA,NA,NA,NA,NA,NA,NA,NA,NA,NA,NA,NA,NA,NA,NA,10,4.57317285289146,2.62,1.31,4.15,1.417,4.57317285289146,2.62,2.54,2.71,0.08,4.57317285289146,2.62,1.31,4.15,1.421
"91",2023,7,2023-07-01,"no covid period",0.0138937130948246,NA,0.00521014241055922,0.00285160260066157,NA,0.00114064104026463,0.0138937130948246,80,13.5402508894986,6.06,4.79,7.4,1.307,13.5402508894986,6.06,5.93,6.16,0.117,13.5402508894986,6.06,4.8,7.24,1.219,NA,NA,NA,NA,NA,NA,NA,NA,NA,NA,NA,NA,NA,NA,NA,NA,NA,0.00521014241055922,30,7.30389006627628,3.83,2.47,5.36,1.445,7.30389006627628,3.83,3.73,3.93,0.098,7.30389006627628,3.83,2.46,5.34,1.438,0.00285160260066157,25,7.87711111907813,3.43,2.16,4.74,1.292,7.87711111907813,3.43,3.35,3.49,0.074,7.87711111907813,3.43,2.29,4.82,1.27,NA,NA,NA,NA,NA,NA,NA,NA,NA,NA,NA,NA,NA,NA,NA,NA,NA,10,4.70170565932324,2.34,1.05,3.83,1.389,4.70170565932324,2.34,2.27,2.41,0.067,4.70170565932324,2.34,1.06,3.83,1.382
"92",2023,8,2023-08-01,"no covid period",0.0138888888888889,NA,0.00520833333333333,0.00284381754066659,NA,0.00113752701626664,0.0138888888888889,80,13.4315692755526,6.03,4.64,7.41,1.382,13.4315692755526,6.03,5.9,6.15,0.123,13.4315692755526,6.03,4.69,7.3,1.303,NA,NA,NA,NA,NA,NA,NA,NA,NA,NA,NA,NA,NA,NA,NA,NA,NA,0.00520833333333333,30,7.04193572098321,4.26,2.83,5.85,1.508,7.04193572098321,4.26,4.13,4.37,0.116,7.04193572098321,4.26,2.84,5.82,1.491,0.00284381754066659,25,7.90648685866133,3.41,2.15,4.76,1.308,7.90648685866133,3.41,3.33,3.48,0.078,7.90648685866133,3.41,2.15,4.68,1.265,NA,NA,NA,NA,NA,NA,NA,NA,NA,NA,NA,NA,NA,NA,NA,NA,NA,10,4.61616583486872,2.38,1.04,3.91,1.433,4.61616583486872,2.38,2.31,2.45,0.07,4.61616583486872,2.38,1.08,3.69,1.302
"93",2023,9,2023-09-01,"no covid period",0.0122014990413108,NA,0.00522921387484748,0.00340406218086917,NA,0.00113468739362306,0.0122014990413108,70,13.4448984974659,5.36,4.2,6.63,1.212,13.4448984974659,5.36,5.24,5.44,0.103,13.4448984974659,5.36,4.17,6.47,1.154,NA,NA,NA,NA,NA,NA,NA,NA,NA,NA,NA,NA,NA,NA,NA,NA,NA,0.00522921387484748,30,7.04758463517888,4.11,2.68,5.65,1.487,7.04758463517888,4.11,4,4.22,0.11,7.04758463517888,4.11,2.7,5.53,1.419,0.00340406218086917,30,8.00765699393687,3.5,2.25,4.89,1.318,8.00765699393687,3.5,3.41,3.56,0.074,8.00765699393687,3.5,2.25,4.75,1.249,NA,NA,NA,NA,NA,NA,NA,NA,NA,NA,NA,NA,NA,NA,NA,NA,NA,10,4.65758067550423,2.15,0.86,3.57,1.355,4.65758067550423,2.15,2.08,2.21,0.064,4.65758067550423,2.15,0.86,3.65,1.396
"94",2023,10,2023-10-01,"no covid period",0.0157177785539644,NA,0.00611246943765281,0.00339021358345576,NA,NA,0.0157177785539644,90,14.8855727972281,6.18,5.01,7.42,1.204,14.8855727972281,6.18,6.05,6.28,0.116,14.8855727972281,6.18,5.04,7.39,1.176,NA,NA,NA,NA,NA,NA,NA,NA,NA,NA,NA,NA,NA,NA,NA,NA,NA,0.00611246943765281,35,7.59633492269357,4.87,3.33,6.48,1.574,7.59633492269357,4.87,4.73,4.99,0.13,7.59633492269357,4.87,3.29,6.32,1.514,0.00339021358345576,30,8.75215688710694,3.66,2.43,4.94,1.257,8.75215688710694,3.66,3.57,3.73,0.076,8.75215688710694,3.66,2.51,5.03,1.257,NA,NA,NA,NA,NA,NA,NA,NA,NA,NA,NA,NA,NA,NA,NA,NA,NA,NA,NA,NA,NA,NA,NA,NA,NA,NA,NA,NA,NA,NA,NA,NA,NA
"95",2023,11,2023-11-01,"no covid period",0.0165880914964205,NA,0.00523834468308015,0.00506528590724899,NA,0.00168842863574966,0.0165880914964205,95,15.6210955412706,5.95,4.75,7.18,1.214,15.6210955412706,5.95,5.83,6.04,0.106,15.6210955412706,5.95,4.8,7.23,1.216,NA,NA,NA,NA,NA,NA,NA,NA,NA,NA,NA,NA,NA,NA,NA,NA,NA,0.00523834468308015,30,7.665797299659,3.65,2.35,5.04,1.346,7.665797299659,3.65,3.55,3.75,0.098,7.665797299659,3.65,2.35,5.09,1.37,0.00506528590724899,45,9.09213654911431,4.84,3.42,6.32,1.451,9.09213654911431,4.84,4.73,4.93,0.099,9.09213654911431,4.84,3.52,6.38,1.43,NA,NA,NA,NA,NA,NA,NA,NA,NA,NA,NA,NA,NA,NA,NA,NA,NA,15,4.94884058324,3.44,1.93,5.08,1.572,4.94884058324,3.44,3.33,3.53,0.099,4.94884058324,3.44,2.02,5.05,1.516
"96",2023,12,2023-12-01,"no covid period",0.0166871596697699,NA,0.00614790093096786,0.00392728904847397,NA,0.00168312387791742,0.0166871596697699,95,16.9565361816664,5.54,4.44,6.65,1.103,16.9565361816664,5.54,5.44,5.62,0.091,16.9565361816664,5.54,4.42,6.72,1.15,NA,NA,NA,NA,NA,NA,NA,NA,NA,NA,NA,NA,NA,NA,NA,NA,NA,0.00614790093096786,35,8.09560599640048,4.08,2.83,5.55,1.359,8.09560599640048,4.08,3.97,4.19,0.111,8.09560599640048,4.08,2.84,5.56,1.36,0.00392728904847397,35,9.70096426424472,3.71,2.63,4.88,1.128,9.70096426424472,3.71,3.63,3.78,0.072,9.70096426424472,3.71,2.47,5.05,1.289,NA,NA,NA,NA,NA,NA,NA,NA,NA,NA,NA,NA,NA,NA,NA,NA,NA,15,5.22249576321704,3.26,1.89,4.93,1.521,5.22249576321704,3.26,3.16,3.34,0.091,5.22249576321704,3.26,1.72,4.79,1.534
